,Ar,R,loc,neg_DDG_true,neg_DDG_pred
0,121,61,0,5.6,6.03
1,121,61,1,0.0,0.0
2,122,61,0,7.6,7.66
3,122,61,2,4.3,4.67
4,122,61,1,0.0,0.0
5,123,61,0,8.3,6.68
6,123,61,1,2.2,0.9
7,123,61,2,0.0,0.0
8,124,61,3,8.7,7.38
9,124,61,0,4.9,4.63
10,124,61,1,0.0,0.0
11,125,61,3,9.0,6.59
12,125,61,0,6.9,5.84
13,125,61,1,0.0,0.0
14,131,61,0,4.5,4.22
15,131,61,1,0.0,0.0
16,132,61,0,7.1,5.61
17,132,61,2,5.9,4.03
18,132,61,1,0.0,0.0
19,133,61,0,6.9,4.96
20,133,61,1,2.6,1.0
21,133,61,2,0.0,0.0
22,134,61,0,4.2,1.94
23,134,61,3,4.0,4.74
24,134,61,1,0.0,0.0
25,135,61,3,6.8,5.37
26,135,61,0,5.7,4.51
27,135,61,1,0.0,0.0
28,141,61,0,3.1,2.8
29,141,61,1,0.0,0.0
30,142,61,0,5.5,4.47
31,142,61,2,4.3,4.45
32,142,61,1,0.0,0.0
33,143,61,0,5.6,3.29
34,143,61,1,2.3,0.97
35,143,61,2,0.0,0.0
36,144,61,3,5.8,5.04
37,144,61,0,3.2,2.09
38,144,61,1,0.0,0.0
39,145,61,3,5.4,3.14
40,145,61,0,4.2,2.49
41,145,61,1,0.0,0.0
42,151,61,0,3.8,3.46
43,151,61,2,2.6,2.34
44,151,61,1,0.0,0.0
45,152,61,2,5.8,3.78
46,152,61,1,0.0,0.0
47,153,61,2,0.9,1.01
48,153,61,1,0.0,0.0
49,154,61,2,1.9,1.25
50,154,61,0,0.0,0.0
51,155,61,2,0.1,0.0
52,155,61,0,0.0,1.28
53,156,61,0,0.2,1.26
54,156,61,1,0.0,0.0
55,157,61,0,3.8,3.68
56,157,61,1,0.0,0.0
57,161,61,4,2.9,3.34
58,161,61,2,1.3,2.26
59,161,61,3,0.0,0.0
60,162,61,4,4.0,3.29
61,162,61,3,0.0,0.0
62,163,61,4,0.4,0.84
63,163,61,3,0.0,0.0
64,164,61,4,4.3,3.14
65,164,61,2,0.0,0.0
66,165,61,4,4.2,1.39
67,165,61,2,0.0,0.0
68,166,61,3,2.9,2.18
69,166,61,2,0.0,0.0
70,167,61,2,2.2,3.02
71,167,61,3,0.0,0.0
72,171,61,1,4.8,5.4
73,171,61,4,4.1,4.63
74,171,61,3,0.0,0.0
75,172,61,4,6.7,6.72
76,172,61,3,0.0,0.0
77,173,61,4,3.5,3.71
78,173,61,3,0.0,0.0
79,174,61,4,2.8,2.09
80,174,61,1,0.0,0.0
81,175,61,1,0.4,0.0
82,175,61,4,0.0,0.76
83,176,61,1,1.7,2.41
84,176,61,3,0.0,0.0
85,177,61,1,7.7,7.15
86,177,61,3,0.0,0.0
87,181,61,4,5.2,5.8
88,181,61,2,0.1,1.72
89,181,61,3,0.0,0.0
90,182,61,4,6.1,6.44
91,182,61,3,0.0,0.0
92,183,61,4,3.2,4.4
93,183,61,3,0.0,0.0
94,184,61,4,6.8,5.83
95,184,61,2,0.0,0.0
96,185,61,4,6.8,5.55
97,185,61,2,0.0,0.0
98,186,61,3,3.9,2.82
99,186,61,2,0.0,0.0
100,187,61,2,2.0,3.02
101,187,61,3,0.0,0.0
102,191,61,1,2.5,3.07
103,191,61,4,2.4,2.31
104,191,61,3,0.0,0.0
105,192,61,4,4.2,4.08
106,192,61,3,0.0,0.0
107,193,61,4,1.7,1.87
108,193,61,3,0.0,0.0
109,194,61,4,2.7,1.59
110,194,61,1,0.0,0.0
111,195,61,1,0.4,0.01
112,195,61,4,0.0,0.0
113,196,61,3,0.7,0.0
114,196,61,1,0.0,0.44
115,197,61,1,4.8,4.39
116,197,61,3,0.0,0.0
117,201,61,4,3.5,4.11
118,201,61,2,1.7,2.02
119,201,61,3,0.0,0.0
120,202,61,4,2.1,2.44
121,202,61,3,0.0,0.0
122,203,61,4,2.0,2.77
123,203,61,3,0.0,0.0
124,204,61,4,2.4,2.91
125,204,61,2,0.0,0.0
126,205,61,4,0.9,2.48
127,205,61,2,0.0,0.0
128,206,61,3,2.9,2.33
129,206,61,2,0.0,0.0
130,207,61,2,3.1,3.27
131,207,61,3,0.0,0.0
132,211,61,1,0.3,0.0
133,211,61,0,0.3,0.54
134,211,61,2,0.0,0.31
135,212,61,3,2.4,1.5
136,212,61,1,1.5,1.37
137,212,61,2,0.6,0.33
138,212,61,4,0.0,0.0
139,213,61,1,7.4,5.39
140,213,61,4,0.9,1.16
141,213,61,3,0.5,0.0
142,213,61,2,0.0,0.57
143,214,61,0,2.1,1.98
144,214,61,4,1.8,2.05
145,214,61,2,1.4,2.32
146,214,61,3,0.0,0.0
147,215,61,0,1.8,2.09
148,215,61,2,1.4,1.33
149,215,61,4,0.5,0.35
150,215,61,3,0.0,0.0
151,216,61,1,2.3,1.68
152,216,61,0,0.0,0.0
153,217,61,1,1.7,0.54
154,217,61,0,0.0,0.0
155,221,61,2,3.7,3.79
156,221,61,0,3.7,3.48
157,221,61,1,0.0,0.0
158,222,61,2,3.4,2.72
159,222,61,4,1.9,1.87
160,222,61,3,1.2,0.54
161,222,61,1,0.0,0.0
162,223,61,4,4.4,5.23
163,223,61,2,3.1,4.92
164,223,61,1,2.0,3.2
165,223,61,3,0.0,0.0
166,224,61,2,4.5,5.14
167,224,61,4,4.3,4.66
168,224,61,0,2.5,4.54
169,224,61,3,0.0,0.0
170,225,61,0,6.0,5.77
171,225,61,2,4.8,4.92
172,225,61,4,4.5,3.58
173,225,61,3,0.0,0.0
174,226,61,0,1.4,1.4
175,226,61,1,0.0,0.0
176,227,61,0,1.6,2.44
177,227,61,1,0.0,0.0
178,232,61,2,2.0,1.79
179,232,61,0,1.5,0.66
180,232,61,3,0.0,0.0
181,233,61,0,2.7,3.1
182,233,61,3,1.2,1.5
183,233,61,2,0.0,0.0
184,242,61,3,2.5,3.45
185,242,61,2,1.9,2.35
186,242,61,0,0.0,0.0
187,243,61,0,3.7,4.32
188,243,61,3,3.5,4.35
189,243,61,2,0.0,0.0
190,252,61,2,3.5,4.12
191,252,61,0,1.5,2.55
192,252,61,3,0.0,0.0
193,253,61,0,5.1,4.49
194,253,61,2,2.1,1.73
195,253,61,3,0.0,0.0
196,261,61,1,8.0,6.43
197,261,61,4,3.1,1.42
198,261,61,3,0.0,0.0
199,262,61,4,6.2,4.25
200,262,61,3,0.0,0.0
201,263,61,4,2.4,0.0
202,263,61,3,0.0,0.05
203,264,61,1,2.0,2.68
204,264,61,4,0.0,0.0
205,265,61,1,4.1,4.35
206,265,61,4,0.0,0.0
207,266,61,1,5.4,3.62
208,266,61,3,0.0,0.0
209,267,61,1,6.5,5.98
210,267,61,3,0.0,0.0
211,271,61,2,7.5,7.13
212,271,61,4,6.4,6.66
213,271,61,3,0.0,0.0
214,272,61,4,9.5,7.19
215,272,61,3,0.0,0.0
216,273,61,4,3.0,3.43
217,273,61,3,0.0,0.0
218,274,61,4,2.8,0.65
219,274,61,2,0.0,0.0
220,275,61,4,1.7,0.0
221,275,61,2,0.0,0.64
222,276,61,2,0.5,2.43
223,276,61,3,0.0,0.0
224,277,61,2,8.4,7.8
225,277,61,3,0.0,0.0
226,281,61,1,8.4,7.93
227,281,61,4,4.8,3.7
228,281,61,3,0.0,0.0
229,282,61,4,7.1,5.33
230,282,61,3,0.0,0.0
231,283,61,4,4.8,2.65
232,283,61,3,0.0,0.0
233,284,61,1,0.3,1.62
234,284,61,4,0.0,0.0
235,285,61,1,1.6,2.21
236,285,61,4,0.0,0.0
237,286,61,1,4.9,4.67
238,286,61,3,0.0,0.0
239,287,61,1,10.5,9.23
240,287,61,3,0.0,0.0
241,291,61,4,9.9,9.91
242,291,61,2,5.3,7.68
243,291,61,3,0.0,0.0
244,292,61,4,10.7,8.56
245,292,61,3,0.0,0.0
246,293,61,4,6.5,6.76
247,293,61,3,0.0,0.0
248,294,61,4,5.3,3.02
249,294,61,2,0.0,0.0
250,295,61,4,4.6,3.36
251,295,61,2,0.0,0.0
252,296,61,3,0.0,0.0
253,296,61,2,0.0,2.46
254,297,61,2,6.4,8.27
255,297,61,3,0.0,0.0
256,301,61,1,3.2,4.59
257,301,61,3,0.0,0.0
258,304,61,4,1.7,0.0
259,304,61,1,0.0,1.36
260,305,61,1,2.4,2.26
261,305,61,4,0.0,0.0
262,311,61,2,4.2,6.15
263,311,61,3,0.0,0.0
264,312,61,4,2.1,2.04
265,312,61,3,0.0,0.0
266,313,61,4,5.9,6.07
267,313,61,3,0.0,0.0
268,121,62,0,4.9,5.22
269,121,62,1,0.0,0.0
270,122,62,0,6.9,6.21
271,122,62,2,4.2,3.51
272,122,62,1,0.0,0.0
273,123,62,0,5.2,6.22
274,123,62,1,0.8,0.89
275,123,62,2,0.0,0.0
276,124,62,3,6.2,6.29
277,124,62,0,3.8,4.18
278,124,62,1,0.0,0.0
279,125,62,3,6.7,6.57
280,125,62,0,5.9,5.21
281,125,62,1,0.0,0.0
282,131,62,0,4.0,3.4
283,131,62,1,0.0,0.0
284,132,62,0,5.0,4.66
285,132,62,2,3.6,3.45
286,132,62,1,0.0,0.0
287,133,62,0,4.4,4.11
288,133,62,1,1.2,0.68
289,133,62,2,0.0,0.0
290,134,62,3,3.6,3.66
291,134,62,0,1.3,1.71
292,134,62,1,0.0,0.0
293,135,62,3,5.6,4.67
294,135,62,0,4.0,3.72
295,135,62,1,0.0,0.0
296,141,62,0,1.9,2.26
297,141,62,1,0.0,0.0
298,142,62,0,4.3,3.86
299,142,62,2,3.8,3.57
300,142,62,1,0.0,0.0
301,143,62,0,3.5,2.84
302,143,62,1,1.5,0.84
303,143,62,2,0.0,0.0
304,144,62,3,3.4,3.69
305,144,62,0,1.1,1.57
306,144,62,1,0.0,0.0
307,145,62,3,4.1,3.23
308,145,62,0,3.1,2.53
309,145,62,1,0.0,0.0
310,151,62,0,2.2,2.67
311,151,62,2,0.7,1.35
312,151,62,1,0.0,0.0
313,152,62,2,3.4,4.03
314,152,62,1,0.0,0.0
315,153,62,2,0.2,0.72
316,153,62,1,0.0,0.0
317,154,62,2,0.8,1.1
318,154,62,0,0.0,0.0
319,155,62,0,0.7,0.82
320,155,62,2,0.0,0.0
321,156,62,0,0.5,0.89
322,156,62,1,0.0,0.0
323,157,62,0,2.5,1.85
324,157,62,1,0.0,0.0
325,161,62,4,2.2,2.39
326,161,62,2,1.4,1.74
327,161,62,3,0.0,0.0
328,162,62,4,2.5,2.44
329,162,62,3,0.0,0.0
330,163,62,4,0.3,0.71
331,163,62,3,0.0,0.0
332,164,62,4,2.4,2.27
333,164,62,2,0.0,0.0
334,165,62,4,2.3,1.35
335,165,62,2,0.0,0.0
336,166,62,3,1.5,1.65
337,166,62,2,0.0,0.0
338,167,62,2,2.9,2.12
339,167,62,3,0.0,0.0
340,171,62,4,3.6,3.64
341,171,62,1,3.6,4.2
342,171,62,3,0.0,0.0
343,172,62,4,4.8,5.49
344,172,62,3,0.0,0.0
345,173,62,4,2.8,3.25
346,173,62,3,0.0,0.0
347,174,62,4,1.7,1.99
348,174,62,1,0.0,0.0
349,175,62,4,2.8,0.3
350,175,62,1,0.0,0.0
351,176,62,1,1.6,1.92
352,176,62,3,0.0,0.0
353,177,62,1,5.9,6.08
354,177,62,3,0.0,0.0
355,181,62,4,5.1,5.16
356,181,62,2,1.7,1.36
357,181,62,3,0.0,0.0
358,182,62,4,4.8,5.23
359,182,62,3,0.0,0.0
360,183,62,4,3.3,3.29
361,183,62,3,0.0,0.0
362,184,62,4,4.6,5.06
363,184,62,2,0.0,0.0
364,185,62,4,5.4,5.32
365,185,62,2,0.0,0.0
366,186,62,3,1.9,2.24
367,186,62,2,0.0,0.0
368,187,62,2,3.9,2.79
369,187,62,3,0.0,0.0
370,191,62,1,1.9,2.42
371,191,62,4,1.0,1.58
372,191,62,3,0.0,0.0
373,192,62,4,2.7,3.43
374,192,62,3,0.0,0.0
375,193,62,4,0.8,1.36
376,193,62,3,0.0,0.0
377,194,62,4,1.1,1.85
378,194,62,1,0.0,0.0
379,195,62,1,0.8,0.0
380,195,62,4,0.0,0.74
381,196,62,1,0.4,0.43
382,196,62,3,0.0,0.0
383,197,62,1,3.6,2.81
384,197,62,3,0.0,0.0
385,201,62,4,3.7,3.35
386,201,62,2,2.2,1.74
387,201,62,3,0.0,0.0
388,202,62,4,1.5,1.72
389,202,62,3,0.0,0.0
390,203,62,4,2.1,1.99
391,203,62,3,0.0,0.0
392,204,62,4,2.0,2.3
393,204,62,2,0.0,0.0
394,205,62,4,2.1,2.25
395,205,62,2,0.0,0.0
396,206,62,3,1.7,1.96
397,206,62,2,0.0,0.0
398,207,62,2,3.4,2.61
399,207,62,3,0.0,0.0
400,211,62,0,0.8,0.45
401,211,62,2,0.4,0.29
402,211,62,1,0.0,0.0
403,212,62,3,1.4,1.38
404,212,62,1,0.9,1.09
405,212,62,4,0.1,0.0
406,212,62,2,0.0,0.23
407,213,62,1,6.3,4.69
408,213,62,4,1.6,1.26
409,213,62,2,0.8,0.49
410,213,62,3,0.0,0.0
411,214,62,4,2.5,1.9
412,214,62,0,2.2,1.78
413,214,62,2,2.1,2.03
414,214,62,3,0.0,0.0
415,215,62,0,1.6,1.85
416,215,62,2,1.3,1.2
417,215,62,4,0.4,0.46
418,215,62,3,0.0,0.0
419,216,62,1,0.8,1.51
420,216,62,0,0.0,0.0
421,217,62,1,0.0,0.4
422,217,62,0,0.0,0.0
423,221,62,2,3.6,3.51
424,221,62,0,3.1,3.13
425,221,62,1,0.0,0.0
426,222,62,2,2.7,2.39
427,222,62,4,1.8,1.86
428,222,62,3,0.5,0.45
429,222,62,1,0.0,0.0
430,223,62,4,4.5,4.3
431,223,62,2,4.3,3.83
432,223,62,1,2.3,2.77
433,223,62,3,0.0,0.0
434,224,62,2,5.2,4.63
435,224,62,0,4.3,3.91
436,224,62,4,4.2,4.19
437,224,62,3,0.0,0.0
438,225,62,0,5.2,5.2
439,225,62,2,4.7,4.46
440,225,62,4,3.2,3.33
441,225,62,3,0.0,0.0
442,226,62,0,1.6,1.65
443,226,62,1,0.0,0.0
444,227,62,0,1.4,1.76
445,227,62,1,0.0,0.0
446,232,62,2,2.0,1.56
447,232,62,0,1.1,0.65
448,232,62,3,0.0,0.0
449,233,62,0,2.2,2.35
450,233,62,3,1.2,1.05
451,233,62,2,0.0,0.0
452,242,62,3,2.7,3.21
453,242,62,2,2.1,2.18
454,242,62,0,0.0,0.0
455,243,62,3,3.9,4.3
456,243,62,0,3.6,4.45
457,243,62,2,0.0,0.0
458,252,62,2,3.8,3.53
459,252,62,0,2.7,2.13
460,252,62,3,0.0,0.0
461,253,62,0,4.8,3.96
462,253,62,2,1.6,1.55
463,253,62,3,0.0,0.0
464,261,62,1,5.7,5.36
465,261,62,4,1.2,1.08
466,261,62,3,0.0,0.0
467,262,62,4,3.4,3.54
468,262,62,3,0.0,0.0
469,263,62,4,0.0,0.06
470,263,62,3,0.0,0.0
471,264,62,1,2.0,2.2
472,264,62,4,0.0,0.0
473,265,62,1,4.2,3.45
474,265,62,4,0.0,0.0
475,266,62,1,3.4,3.4
476,266,62,3,0.0,0.0
477,267,62,1,4.8,4.91
478,267,62,3,0.0,0.0
479,271,62,2,6.6,6.71
480,271,62,4,6.1,6.24
481,271,62,3,0.0,0.0
482,272,62,4,7.5,6.71
483,272,62,3,0.0,0.0
484,273,62,4,2.4,2.17
485,273,62,3,0.0,0.0
486,274,62,4,0.1,0.65
487,274,62,2,0.0,0.0
488,276,62,2,2.3,2.79
489,276,62,3,0.0,0.0
490,277,62,2,7.3,5.76
491,277,62,3,0.0,0.0
492,281,62,1,6.7,7.29
493,281,62,4,3.2,3.79
494,281,62,3,0.0,0.0
495,282,62,4,4.8,4.97
496,282,62,3,0.0,0.0
497,283,62,4,2.5,2.6
498,283,62,3,0.0,0.0
499,284,62,1,1.2,1.3
500,284,62,4,0.0,0.0
501,286,62,1,3.8,3.96
502,286,62,3,0.0,0.0
503,287,62,1,9.0,8.46
504,287,62,3,0.0,0.0
505,291,62,4,8.9,8.75
506,291,62,2,7.0,6.89
507,291,62,3,0.0,0.0
508,292,62,4,8.8,8.09
509,292,62,3,0.0,0.0
510,293,62,4,6.0,5.74
511,293,62,3,0.0,0.0
512,294,62,4,2.2,2.91
513,294,62,2,0.0,0.0
514,296,62,2,3.3,2.54
515,296,62,3,0.0,0.0
516,297,62,2,8.5,7.69
517,297,62,3,0.0,0.0
518,301,62,1,3.2,3.4
519,301,62,3,0.0,0.0
520,304,62,1,0.2,0.35
521,304,62,4,0.0,0.0
522,305,62,1,1.3,1.77
523,305,62,4,0.0,0.0
524,311,62,2,6.1,5.56
525,311,62,3,0.0,0.0
526,312,62,4,3.1,2.59
527,312,62,3,0.0,0.0
528,313,62,4,5.0,4.52
529,313,62,3,0.0,0.0
530,121,63,0,3.9,4.17
531,121,63,1,0.0,0.0
532,122,63,0,5.2,5.08
533,122,63,2,2.3,2.75
534,122,63,1,0.0,0.0
535,123,63,0,4.4,4.37
536,123,63,2,0.0,0.0
537,123,63,1,0.0,0.25
538,124,63,3,4.5,5.34
539,124,63,0,3.6,3.31
540,124,63,1,0.0,0.0
541,125,63,3,7.1,6.42
542,125,63,0,4.5,4.78
543,125,63,1,0.0,0.0
544,131,63,0,2.6,2.95
545,131,63,1,0.0,0.0
546,132,63,0,3.3,3.97
547,132,63,2,1.8,2.92
548,132,63,1,0.0,0.0
549,133,63,0,3.3,3.1
550,133,63,1,0.5,0.15
551,133,63,2,0.0,0.0
552,134,63,3,2.0,2.85
553,134,63,0,1.5,1.35
554,134,63,1,0.0,0.0
555,135,63,3,4.2,4.07
556,135,63,0,3.2,2.96
557,135,63,1,0.0,0.0
558,141,63,0,1.4,1.6
559,141,63,1,0.0,0.0
560,142,63,0,2.5,3.12
561,142,63,2,2.3,2.82
562,142,63,1,0.0,0.0
563,143,63,0,2.2,1.99
564,143,63,1,0.7,0.48
565,143,63,2,0.0,0.0
566,144,63,3,2.3,2.72
567,144,63,0,1.4,1.09
568,144,63,1,0.0,0.0
569,145,63,3,3.3,3.05
570,145,63,0,1.6,2.14
571,145,63,1,0.0,0.0
572,151,63,0,1.2,1.75
573,151,63,2,0.7,1.09
574,151,63,1,0.0,0.0
575,152,63,2,2.4,2.8
576,152,63,1,0.0,0.0
577,153,63,2,0.3,0.88
578,153,63,1,0.0,0.0
579,154,63,2,1.0,0.88
580,154,63,0,0.0,0.0
581,155,63,2,0.6,0.0
582,155,63,0,0.0,0.39
583,156,63,0,0.2,0.51
584,156,63,1,0.0,0.0
585,157,63,0,0.3,1.64
586,157,63,1,0.0,0.0
587,161,63,4,1.1,1.76
588,161,63,2,0.8,1.26
589,161,63,3,0.0,0.0
590,162,63,4,1.9,1.68
591,162,63,3,0.0,0.0
592,163,63,3,0.5,0.03
593,163,63,4,0.0,0.0
594,164,63,4,1.3,2.06
595,164,63,2,0.0,0.0
596,165,63,4,1.5,1.47
597,165,63,2,0.0,0.0
598,166,63,3,1.2,1.52
599,166,63,2,0.0,0.0
600,167,63,2,0.8,1.53
601,167,63,3,0.0,0.0
602,171,63,4,2.9,3.5
603,171,63,1,2.4,3.45
604,171,63,3,0.0,0.0
605,172,63,4,4.1,4.51
606,172,63,3,0.0,0.0
607,173,63,4,2.5,2.91
608,173,63,3,0.0,0.0
609,174,63,4,1.8,1.37
610,174,63,1,0.0,0.0
611,175,63,4,3.1,1.1
612,175,63,1,0.0,0.0
613,176,63,1,0.7,1.85
614,176,63,3,0.0,0.0
615,177,63,1,2.6,4.78
616,177,63,3,0.0,0.0
617,181,63,4,3.4,4.21
618,181,63,3,0.2,0.0
619,181,63,2,0.0,0.99
620,182,63,4,3.8,4.1
621,182,63,3,0.0,0.0
622,183,63,4,1.6,2.63
623,183,63,3,0.0,0.0
624,184,63,4,4.1,3.94
625,184,63,2,0.0,0.0
626,185,63,4,6.5,5.06
627,185,63,2,0.0,0.0
628,186,63,3,2.1,1.59
629,186,63,2,0.0,0.0
630,187,63,2,0.6,2.23
631,187,63,3,0.0,0.0
632,191,63,4,1.3,1.19
633,191,63,1,0.9,1.67
634,191,63,3,0.0,0.0
635,192,63,4,2.2,2.53
636,192,63,3,0.0,0.0
637,193,63,4,1.2,1.14
638,193,63,3,0.0,0.0
639,194,63,4,1.1,1.16
640,194,63,1,0.0,0.0
641,195,63,4,2.0,0.92
642,195,63,1,0.0,0.0
643,196,63,3,0.3,0.0
644,196,63,1,0.0,0.15
645,197,63,1,1.1,2.15
646,197,63,3,0.0,0.0
647,201,63,4,1.7,2.49
648,201,63,2,0.7,1.25
649,201,63,3,0.0,0.0
650,202,63,4,1.0,1.14
651,202,63,3,0.0,0.0
652,203,63,4,0.9,0.69
653,203,63,3,0.0,0.0
654,204,63,4,0.8,2.08
655,204,63,2,0.0,0.0
656,205,63,4,1.9,1.96
657,205,63,2,0.0,0.0
658,206,63,3,1.3,1.47
659,206,63,2,0.0,0.0
660,207,63,2,1.4,1.8
661,207,63,3,0.0,0.0
662,211,63,1,0.4,0.09
663,211,63,0,0.4,0.41
664,211,63,2,0.0,0.0
665,212,63,3,1.4,1.1
666,212,63,1,1.0,1.02
667,212,63,4,0.2,0.0
668,212,63,2,0.0,0.11
669,213,63,1,6.3,4.51
670,213,63,4,1.1,0.8
671,213,63,3,0.9,0.04
672,213,63,2,0.0,0.0
673,214,63,0,1.3,1.27
674,214,63,4,1.2,1.49
675,214,63,2,0.7,1.43
676,214,63,3,0.0,0.0
677,215,63,0,2.0,1.58
678,215,63,4,0.8,0.55
679,215,63,2,0.6,1.08
680,215,63,3,0.0,0.0
681,216,63,1,0.9,1.22
682,216,63,0,0.0,0.0
683,217,63,1,1.0,0.67
684,217,63,0,0.0,0.0
685,221,63,2,2.1,2.56
686,221,63,0,1.4,2.37
687,221,63,1,0.0,0.0
688,222,63,2,1.4,1.7
689,222,63,4,0.8,1.24
690,222,63,3,0.4,0.43
691,222,63,1,0.0,0.0
692,223,63,4,2.3,3.2
693,223,63,2,1.8,2.72
694,223,63,1,1.6,2.39
695,223,63,3,0.0,0.0
696,224,63,2,3.1,3.83
697,224,63,4,2.4,3.41
698,224,63,0,2.0,3.22
699,224,63,3,0.0,0.0
700,225,63,0,3.9,4.09
701,225,63,2,3.4,3.58
702,225,63,4,2.7,2.5
703,225,63,3,0.0,0.0
704,226,63,0,0.7,0.78
705,226,63,1,0.0,0.0
706,227,63,0,0.2,0.49
707,227,63,1,0.0,0.0
708,232,63,2,1.2,1.19
709,232,63,0,0.9,0.47
710,232,63,3,0.0,0.0
711,233,63,0,1.4,1.95
712,233,63,3,0.3,0.64
713,233,63,2,0.0,0.0
714,242,63,3,2.0,2.42
715,242,63,2,1.6,1.81
716,242,63,0,0.0,0.0
717,243,63,3,2.6,3.31
718,243,63,0,2.4,3.36
719,243,63,2,0.0,0.0
720,252,63,2,2.9,2.69
721,252,63,0,1.5,1.52
722,252,63,3,0.0,0.0
723,253,63,0,3.8,3.92
724,253,63,2,1.7,1.3
725,253,63,3,0.0,0.0
726,261,63,1,2.7,4.33
727,261,63,4,0.5,0.99
728,261,63,3,0.0,0.0
729,262,63,4,1.9,2.86
730,262,63,3,0.0,0.0
731,263,63,3,0.6,0.0
732,263,63,4,0.0,0.2
733,264,63,1,0.9,1.57
734,264,63,4,0.0,0.0
735,265,63,1,1.6,2.4
736,265,63,4,0.0,0.0
737,266,63,1,1.9,2.71
738,266,63,3,0.0,0.0
739,267,63,1,2.3,3.51
740,267,63,3,0.0,0.0
741,271,63,2,4.3,5.04
742,271,63,4,3.8,4.67
743,271,63,3,0.0,0.0
744,272,63,4,4.7,5.86
745,272,63,3,0.0,0.0
746,273,63,4,0.9,1.54
747,273,63,3,0.0,0.0
748,274,63,4,1.2,0.57
749,274,63,2,0.0,0.0
750,275,63,2,1.0,0.17
751,275,63,4,0.0,0.0
752,276,63,2,1.7,1.6
753,276,63,3,0.0,0.0
754,277,63,2,4.1,4.69
755,277,63,3,0.0,0.0
756,281,63,1,3.4,5.21
757,281,63,4,2.5,3.22
758,281,63,3,0.0,0.0
759,282,63,4,3.5,4.04
760,282,63,3,0.0,0.0
761,283,63,4,1.7,2.49
762,283,63,3,0.0,0.0
763,284,63,4,0.8,0.0
764,284,63,1,0.0,0.67
765,285,63,4,1.7,0.0
766,285,63,1,0.0,0.63
767,286,63,1,2.0,3.27
768,286,63,3,0.0,0.0
769,287,63,1,5.6,6.57
770,287,63,3,0.0,0.0
771,291,63,4,6.1,6.44
772,291,63,2,3.6,4.24
773,291,63,3,0.0,0.0
774,292,63,4,6.8,5.83
775,292,63,3,0.0,0.0
776,293,63,4,3.9,4.42
777,293,63,3,0.0,0.0
778,294,63,4,3.2,2.26
779,294,63,2,0.0,0.0
780,295,63,4,4.1,2.48
781,295,63,2,0.0,0.0
782,296,63,2,0.6,1.39
783,296,63,3,0.0,0.0
784,297,63,2,4.6,4.68
785,297,63,3,0.0,0.0
786,301,63,1,1.7,2.68
787,301,63,3,0.0,0.0
788,304,63,4,0.1,0.0
789,304,63,1,0.0,0.31
790,305,63,4,0.6,0.0
791,305,63,1,0.0,0.49
792,311,63,2,3.4,4.22
793,311,63,3,0.0,0.0
794,312,63,4,1.7,1.48
795,312,63,3,0.0,0.0
796,313,63,4,2.9,2.84
797,313,63,3,0.0,0.0
798,121,64,0,4.8,5.13
799,121,64,1,0.0,0.0
800,122,64,0,6.7,6.88
801,122,64,2,4.6,4.19
802,122,64,1,0.0,0.0
803,123,64,0,5.9,6.02
804,123,64,1,1.5,1.01
805,123,64,2,0.0,0.0
806,124,64,3,6.3,7.1
807,124,64,0,3.8,4.3
808,124,64,1,0.0,0.0
809,125,64,3,6.9,6.69
810,125,64,0,5.6,5.54
811,125,64,1,0.0,0.0
812,131,64,0,4.3,3.76
813,131,64,1,0.0,0.0
814,132,64,0,5.0,5.63
815,132,64,2,4.2,4.19
816,132,64,1,0.0,0.0
817,133,64,0,4.6,4.78
818,133,64,1,1.4,1.15
819,133,64,2,0.0,0.0
820,134,64,3,4.0,4.18
821,134,64,0,1.3,2.12
822,134,64,1,0.0,0.0
823,135,64,3,4.9,5.05
824,135,64,0,4.0,4.3
825,135,64,1,0.0,0.0
826,141,64,0,2.1,2.31
827,141,64,1,0.0,0.0
828,142,64,2,4.2,3.8
829,142,64,0,3.9,4.19
830,142,64,1,0.0,0.0
831,143,64,0,2.9,3.3
832,143,64,1,1.3,1.24
833,143,64,2,0.0,0.0
834,144,64,3,4.2,4.7
835,144,64,0,1.4,2.08
836,144,64,1,0.0,0.0
837,145,64,3,3.6,3.4
838,145,64,0,3.2,2.47
839,145,64,1,0.0,0.0
840,151,64,0,2.8,3.19
841,151,64,2,1.1,1.65
842,151,64,1,0.0,0.0
843,152,64,2,3.6,4.79
844,152,64,1,0.0,0.0
845,153,64,2,0.1,0.94
846,153,64,1,0.0,0.0
847,154,64,2,1.3,1.26
848,154,64,0,0.0,0.0
849,155,64,0,1.2,0.9
850,155,64,2,0.0,0.0
851,156,64,0,0.9,1.17
852,156,64,1,0.0,0.0
853,157,64,0,2.8,3.36
854,157,64,1,0.0,0.0
855,161,64,4,2.7,2.91
856,161,64,2,1.9,1.99
857,161,64,3,0.0,0.0
858,162,64,4,2.9,3.16
859,162,64,3,0.0,0.0
860,163,64,4,1.0,0.96
861,163,64,3,0.0,0.0
862,164,64,4,3.0,2.84
863,164,64,2,0.0,0.0
864,165,64,4,1.7,1.43
865,165,64,2,0.0,0.0
866,166,64,3,2.1,1.9
867,166,64,2,0.0,0.0
868,167,64,2,3.0,2.46
869,167,64,3,0.0,0.0
870,171,64,1,4.2,4.76
871,171,64,4,3.5,3.95
872,171,64,3,0.0,0.0
873,172,64,4,5.6,6.08
874,172,64,3,0.0,0.0
875,173,64,4,3.0,3.33
876,173,64,3,0.0,0.0
877,174,64,4,2.2,1.88
878,174,64,1,0.0,0.0
879,175,64,4,0.7,0.48
880,175,64,1,0.0,0.0
881,176,64,1,1.6,2.01
882,176,64,3,0.0,0.0
883,177,64,1,6.6,6.17
884,177,64,3,0.0,0.0
885,181,64,4,5.3,5.5
886,181,64,2,1.5,1.78
887,181,64,3,0.0,0.0
888,182,64,4,5.3,5.7
889,182,64,3,0.0,0.0
890,183,64,4,3.8,3.27
891,183,64,3,0.0,0.0
892,184,64,4,4.7,5.27
893,184,64,2,0.0,0.0
894,185,64,4,5.3,5.33
895,185,64,2,0.0,0.0
896,186,64,3,2.4,2.47
897,186,64,2,0.0,0.0
898,187,64,2,3.8,3.54
899,187,64,3,0.0,0.0
900,191,64,1,2.6,3.05
901,191,64,4,1.6,1.98
902,191,64,3,0.0,0.0
903,192,64,4,3.5,3.7
904,192,64,3,0.0,0.0
905,193,64,4,1.2,1.35
906,193,64,3,0.0,0.0
907,194,64,4,2.2,1.8
908,194,64,1,0.0,0.0
909,195,64,4,0.2,0.0
910,195,64,1,0.0,0.21
911,196,64,1,0.3,0.49
912,196,64,3,0.0,0.0
913,197,64,1,3.8,3.85
914,197,64,3,0.0,0.0
915,201,64,4,3.7,3.85
916,201,64,2,1.8,2.03
917,201,64,3,0.0,0.0
918,202,64,4,1.7,2.08
919,202,64,3,0.0,0.0
920,203,64,4,2.5,2.55
921,203,64,3,0.0,0.0
922,204,64,4,2.1,2.53
923,204,64,2,0.0,0.0
924,205,64,4,2.3,1.9
925,205,64,2,0.0,0.0
926,206,64,3,2.3,2.19
927,206,64,2,0.0,0.0
928,207,64,2,3.6,3.99
929,207,64,3,0.0,0.0
930,211,64,0,0.6,0.42
931,211,64,2,0.5,0.42
932,211,64,1,0.0,0.0
933,212,64,1,1.7,1.13
934,212,64,3,1.6,1.52
935,212,64,2,0.4,0.37
936,212,64,4,0.0,0.0
937,213,64,1,2.1,5.37
938,213,64,4,1.7,1.78
939,213,64,2,1.0,1.28
940,213,64,3,0.0,0.0
941,214,64,2,2.8,2.48
942,214,64,4,2.5,2.39
943,214,64,0,2.2,2.31
944,214,64,3,0.0,0.0
945,215,64,0,2.1,1.95
946,215,64,2,1.4,1.21
947,215,64,4,0.7,0.26
948,215,64,3,0.0,0.0
949,216,64,1,1.7,1.45
950,216,64,0,0.0,0.0
951,217,64,1,0.0,0.31
952,217,64,0,0.0,0.0
953,221,64,2,3.6,3.8
954,221,64,0,3.1,3.39
955,221,64,1,0.0,0.0
956,222,64,2,3.1,2.93
957,222,64,4,2.0,2.28
958,222,64,3,0.8,0.66
959,222,64,1,0.0,0.0
960,223,64,4,4.4,4.87
961,223,64,2,4.3,4.31
962,223,64,1,2.3,2.9
963,223,64,3,0.0,0.0
964,224,64,2,4.8,4.8
965,224,64,4,4.1,4.4
966,224,64,0,4.1,4.17
967,224,64,3,0.0,0.0
968,225,64,0,4.9,5.64
969,225,64,2,4.2,4.72
970,225,64,4,2.9,3.6
971,225,64,3,0.0,0.0
972,226,64,0,1.6,1.83
973,226,64,1,0.0,0.0
974,227,64,0,2.3,2.07
975,227,64,1,0.0,0.0
976,232,64,2,1.8,1.98
977,232,64,0,0.8,1.16
978,232,64,3,0.0,0.0
979,233,64,0,2.7,2.73
980,233,64,3,1.3,1.37
981,233,64,2,0.0,0.0
982,242,64,3,3.2,3.21
983,242,64,2,2.0,2.39
984,242,64,0,0.0,0.0
985,243,64,0,4.6,4.37
986,243,64,3,4.3,4.5
987,243,64,2,0.0,0.0
988,252,64,2,4.3,3.93
989,252,64,0,3.0,2.49
990,252,64,3,0.0,0.0
991,253,64,0,4.7,4.87
992,253,64,2,1.3,1.66
993,253,64,3,0.0,0.0
994,261,64,1,5.7,6.12
995,261,64,4,1.2,1.34
996,261,64,3,0.0,0.0
997,262,64,4,3.5,4.05
998,262,64,3,0.0,0.0
999,263,64,4,0.0,0.41
1000,263,64,3,0.0,0.0
1001,264,64,1,2.0,2.37
1002,264,64,4,0.0,0.0
1003,265,64,1,4.4,4.37
1004,265,64,4,0.0,0.0
1005,266,64,1,3.3,3.96
1006,266,64,3,0.0,0.0
1007,267,64,1,5.1,5.76
1008,267,64,3,0.0,0.0
1009,271,64,2,6.8,7.26
1010,271,64,4,6.4,6.36
1011,271,64,3,0.0,0.0
1012,272,64,4,7.9,7.21
1013,272,64,3,0.0,0.0
1014,273,64,4,3.1,2.89
1015,273,64,3,0.0,0.0
1016,274,64,4,0.6,0.93
1017,274,64,2,0.0,0.0
1018,275,64,2,0.2,0.21
1019,275,64,4,0.0,0.0
1020,276,64,2,2.8,2.41
1021,276,64,3,0.0,0.0
1022,277,64,2,7.7,7.28
1023,277,64,3,0.0,0.0
1024,281,64,1,7.2,7.45
1025,281,64,4,3.0,3.41
1026,281,64,3,0.0,0.0
1027,282,64,4,4.7,5.08
1028,282,64,3,0.0,0.0
1029,283,64,4,2.3,2.87
1030,283,64,3,0.0,0.0
1031,284,64,1,1.5,1.67
1032,284,64,4,0.0,0.0
1033,285,64,1,2.2,2.74
1034,285,64,4,0.0,0.0
1035,286,64,1,4.0,4.13
1036,286,64,3,0.0,0.0
1037,287,64,1,9.6,9.65
1038,287,64,3,0.0,0.0
1039,291,64,4,9.2,9.61
1040,291,64,2,7.4,7.48
1041,291,64,3,0.0,0.0
1042,292,64,4,9.8,8.52
1043,292,64,3,0.0,0.0
1044,293,64,4,6.1,6.28
1045,293,64,3,0.0,0.0
1046,294,64,4,3.0,2.65
1047,294,64,2,0.0,0.0
1048,295,64,4,3.0,2.57
1049,295,64,2,0.0,0.0
1050,296,64,2,2.7,2.7
1051,296,64,3,0.0,0.0
1052,297,64,2,8.8,8.33
1053,297,64,3,0.0,0.0
1054,301,64,1,3.3,3.92
1055,301,64,3,0.0,0.0
1056,304,64,1,0.2,0.25
1057,304,64,4,0.0,0.0
1058,305,64,1,2.1,2.48
1059,305,64,4,0.0,0.0
1060,311,64,2,5.8,5.57
1061,311,64,3,0.0,0.0
1062,312,64,4,2.1,2.95
1063,312,64,3,0.0,0.0
1064,313,64,4,5.1,4.94
1065,313,64,3,0.0,0.0
1066,121,65,0,6.1,5.57
1067,121,65,1,0.0,0.0
1068,122,65,0,8.1,7.81
1069,122,65,2,4.9,4.77
1070,122,65,1,0.0,0.0
1071,123,65,0,6.6,6.94
1072,123,65,1,0.9,1.27
1073,123,65,2,0.0,0.0
1074,124,65,3,8.1,7.57
1075,124,65,0,4.8,4.79
1076,124,65,1,0.0,0.0
1077,125,65,3,6.9,7.05
1078,125,65,0,5.9,6.09
1079,125,65,1,0.0,0.0
1080,131,65,0,4.1,3.97
1081,131,65,1,0.0,0.0
1082,132,65,0,6.1,5.48
1083,132,65,2,4.6,4.11
1084,132,65,1,0.0,0.0
1085,133,65,0,4.3,4.68
1086,133,65,1,0.7,1.13
1087,133,65,2,0.0,0.0
1088,134,65,3,4.9,4.4
1089,134,65,0,1.8,1.95
1090,134,65,1,0.0,0.0
1091,135,65,3,5.2,5.04
1092,135,65,0,3.9,4.04
1093,135,65,1,0.0,0.0
1094,141,65,0,2.7,2.36
1095,141,65,1,0.0,0.0
1096,142,65,0,5.0,4.35
1097,142,65,2,4.7,4.1
1098,142,65,1,0.0,0.0
1099,143,65,0,3.0,3.3
1100,143,65,1,0.8,1.07
1101,143,65,2,0.0,0.0
1102,144,65,3,4.8,4.98
1103,144,65,0,1.6,2.07
1104,144,65,1,0.0,0.0
1105,145,65,3,3.1,2.93
1106,145,65,0,2.4,2.58
1107,145,65,1,0.0,0.0
1108,151,65,0,3.8,3.27
1109,151,65,2,1.7,1.66
1110,151,65,1,0.0,0.0
1111,152,65,2,5.0,4.65
1112,152,65,1,0.0,0.0
1113,153,65,2,0.7,0.64
1114,153,65,1,0.0,0.0
1115,154,65,2,1.0,1.16
1116,154,65,0,0.0,0.0
1117,155,65,0,1.5,1.17
1118,155,65,2,0.0,0.0
1119,156,65,0,1.2,1.27
1120,156,65,1,0.0,0.0
1121,157,65,0,3.7,3.6
1122,157,65,1,0.0,0.0
1123,161,65,4,3.0,3.21
1124,161,65,2,2.3,2.3
1125,161,65,3,0.0,0.0
1126,162,65,4,3.2,3.28
1127,162,65,3,0.0,0.0
1128,163,65,4,0.9,0.94
1129,163,65,3,0.0,0.0
1130,164,65,4,2.6,3.02
1131,164,65,2,0.0,0.0
1132,165,65,4,0.7,1.56
1133,165,65,2,0.0,0.0
1134,166,65,3,2.0,2.04
1135,166,65,2,0.0,0.0
1136,167,65,2,3.0,2.67
1137,167,65,3,0.0,0.0
1138,171,65,1,5.9,5.41
1139,171,65,4,4.5,4.52
1140,171,65,3,0.0,0.0
1141,172,65,4,6.8,6.41
1142,172,65,3,0.0,0.0
1143,173,65,4,3.8,3.76
1144,173,65,3,0.0,0.0
1145,174,65,4,1.8,2.04
1146,174,65,1,0.0,0.0
1147,175,65,4,0.4,0.63
1148,175,65,1,0.0,0.0
1149,176,65,1,2.7,1.99
1150,176,65,3,0.0,0.0
1151,177,65,1,7.4,6.7
1152,177,65,3,0.0,0.0
1153,181,65,4,6.5,5.94
1154,181,65,2,2.5,1.62
1155,181,65,3,0.0,0.0
1156,182,65,4,6.3,6.1
1157,182,65,3,0.0,0.0
1158,183,65,4,4.3,4.22
1159,183,65,3,0.0,0.0
1160,184,65,4,5.3,5.53
1161,184,65,2,0.0,0.0
1162,185,65,4,5.0,5.8
1163,185,65,2,0.0,0.0
1164,186,65,3,2.1,2.49
1165,186,65,2,0.0,0.0
1166,187,65,2,4.2,3.54
1167,187,65,3,0.0,0.0
1168,191,65,1,3.5,3.3
1169,191,65,4,2.2,2.3
1170,191,65,3,0.0,0.0
1171,192,65,4,4.3,3.93
1172,192,65,3,0.0,0.0
1173,193,65,4,1.5,1.76
1174,193,65,3,0.0,0.0
1175,194,65,4,1.9,1.94
1176,194,65,1,0.0,0.0
1177,195,65,4,0.1,0.0
1178,195,65,1,0.0,0.05
1179,196,65,1,0.8,0.35
1180,196,65,3,0.0,0.0
1181,197,65,1,3.9,4.17
1182,197,65,3,0.0,0.0
1183,201,65,4,4.3,4.18
1184,201,65,2,2.4,2.39
1185,201,65,3,0.0,0.0
1186,202,65,4,2.3,2.16
1187,202,65,3,0.0,0.0
1188,203,65,4,2.8,2.79
1189,203,65,3,0.0,0.0
1190,204,65,4,2.5,2.61
1191,204,65,2,0.0,0.0
1192,205,65,4,2.3,2.41
1193,205,65,2,0.0,0.0
1194,206,65,3,2.0,2.21
1195,206,65,2,0.0,0.0
1196,207,65,2,3.7,3.89
1197,207,65,3,0.0,0.0
1198,211,65,0,0.9,0.74
1199,211,65,2,0.5,0.35
1200,211,65,1,0.0,0.0
1201,212,65,3,1.3,1.55
1202,212,65,1,1.1,1.15
1203,212,65,2,0.1,0.2
1204,212,65,4,0.0,0.0
1205,213,65,1,6.7,4.46
1206,213,65,4,1.7,1.44
1207,213,65,2,0.9,0.68
1208,213,65,3,0.0,0.0
1209,214,65,4,2.6,2.36
1210,214,65,0,2.6,2.23
1211,214,65,2,2.5,2.44
1212,214,65,3,0.0,0.0
1213,215,65,0,2.9,2.15
1214,215,65,2,1.8,1.24
1215,215,65,4,0.5,0.5
1216,215,65,3,0.0,0.0
1217,216,65,1,1.4,1.73
1218,216,65,0,0.0,0.0
1219,217,65,1,0.4,0.29
1220,217,65,0,0.0,0.0
1221,221,65,2,4.1,3.93
1222,221,65,0,4.0,3.77
1223,221,65,1,0.0,0.0
1224,222,65,2,2.6,2.9
1225,222,65,4,2.5,2.27
1226,222,65,3,0.4,0.65
1227,222,65,1,0.0,0.0
1228,223,65,4,5.6,5.28
1229,223,65,2,4.9,4.59
1230,223,65,1,3.3,2.88
1231,223,65,3,0.0,0.0
1232,224,65,2,5.5,5.18
1233,224,65,0,5.2,4.4
1234,224,65,4,5.1,4.93
1235,224,65,3,0.0,0.0
1236,225,65,0,6.6,6.01
1237,225,65,2,5.4,5.1
1238,225,65,4,3.9,3.87
1239,225,65,3,0.0,0.0
1240,226,65,0,1.9,2.1
1241,226,65,1,0.0,0.0
1242,227,65,0,2.3,2.41
1243,227,65,1,0.0,0.0
1244,232,65,2,1.7,1.78
1245,232,65,0,0.9,0.77
1246,232,65,3,0.0,0.0
1247,233,65,0,3.5,2.78
1248,233,65,3,1.4,1.33
1249,233,65,2,0.0,0.0
1250,242,65,3,3.6,3.44
1251,242,65,2,2.4,2.3
1252,242,65,0,0.0,0.0
1253,243,65,3,5.3,5.01
1254,243,65,0,5.3,4.56
1255,243,65,2,0.0,0.0
1256,252,65,2,4.2,4.06
1257,252,65,0,3.0,2.54
1258,252,65,3,0.0,0.0
1259,253,65,0,5.5,4.3
1260,253,65,2,1.8,1.5
1261,253,65,3,0.0,0.0
1262,261,65,1,6.8,6.39
1263,261,65,4,1.2,1.4
1264,261,65,3,0.0,0.0
1265,262,65,4,3.5,4.14
1266,262,65,3,0.0,0.0
1267,263,65,3,0.2,0.23
1268,263,65,4,0.0,0.0
1269,264,65,1,2.7,2.66
1270,264,65,4,0.0,0.0
1271,265,65,1,5.1,4.67
1272,265,65,4,0.0,0.0
1273,266,65,1,3.8,3.83
1274,266,65,3,0.0,0.0
1275,267,65,1,6.2,6.2
1276,267,65,3,0.0,0.0
1277,271,65,2,7.7,7.81
1278,271,65,4,6.7,6.94
1279,271,65,3,0.0,0.0
1280,272,65,4,7.7,7.37
1281,272,65,3,0.0,0.0
1282,273,65,4,3.1,3.15
1283,273,65,3,0.0,0.0
1284,274,65,4,0.1,0.58
1285,274,65,2,0.0,0.0
1286,275,65,2,1.1,0.35
1287,275,65,4,0.0,0.0
1288,276,65,2,3.0,3.06
1289,276,65,3,0.0,0.0
1290,277,65,2,8.7,7.7
1291,277,65,3,0.0,0.0
1292,281,65,1,8.6,7.83
1293,281,65,4,3.4,3.73
1294,281,65,3,0.0,0.0
1295,282,65,4,5.1,5.31
1296,282,65,3,0.0,0.0
1297,283,65,4,2.4,3.14
1298,283,65,3,0.0,0.0
1299,284,65,1,2.1,1.59
1300,284,65,4,0.0,0.0
1301,285,65,1,2.8,2.83
1302,285,65,4,0.0,0.0
1303,286,65,1,5.0,4.37
1304,286,65,3,0.0,0.0
1305,287,65,1,10.9,9.94
1306,287,65,3,0.0,0.0
1307,291,65,4,10.4,10.51
1308,291,65,2,8.6,8.1
1309,291,65,3,0.0,0.0
1310,292,65,4,10.3,9.56
1311,292,65,3,0.0,0.0
1312,293,65,4,7.0,7.01
1313,293,65,3,0.0,0.0
1314,294,65,4,2.7,2.98
1315,294,65,2,0.0,0.0
1316,295,65,4,2.5,3.04
1317,295,65,2,0.0,0.0
1318,296,65,2,3.6,3.19
1319,296,65,3,0.0,0.0
1320,297,65,2,9.2,8.78
1321,297,65,3,0.0,0.0
1322,301,65,1,4.7,3.95
1323,301,65,3,0.0,0.0
1324,304,65,1,1.5,0.5
1325,304,65,4,0.0,0.0
1326,305,65,1,2.9,2.67
1327,305,65,4,0.0,0.0
1328,311,65,2,7.5,6.17
1329,311,65,3,0.0,0.0
1330,312,65,4,3.8,3.09
1331,312,65,3,0.0,0.0
1332,313,65,4,6.7,5.65
1333,313,65,3,0.0,0.0
1334,121,66,0,5.7,5.7
1335,121,66,1,0.0,0.0
1336,122,66,0,7.6,7.72
1337,122,66,2,4.6,4.9
1338,122,66,1,0.0,0.0
1339,123,66,0,7.0,7.01
1340,123,66,1,1.7,1.32
1341,123,66,2,0.0,0.0
1342,124,66,3,7.3,7.84
1343,124,66,0,4.4,4.86
1344,124,66,1,0.0,0.0
1345,125,66,3,7.3,6.75
1346,125,66,0,6.7,5.86
1347,125,66,1,0.0,0.0
1348,131,66,0,3.7,4.33
1349,131,66,1,0.0,0.0
1350,132,66,0,5.7,6.09
1351,132,66,2,4.2,4.57
1352,132,66,1,0.0,0.0
1353,133,66,0,4.7,5.09
1354,133,66,1,1.6,1.34
1355,133,66,2,0.0,0.0
1356,134,66,3,4.5,4.73
1357,134,66,0,1.7,1.81
1358,134,66,1,0.0,0.0
1359,135,66,3,5.5,5.16
1360,135,66,0,4.7,4.28
1361,135,66,1,0.0,0.0
1362,141,66,0,2.4,2.75
1363,141,66,1,0.0,0.0
1364,142,66,0,5.0,4.57
1365,142,66,2,4.5,4.29
1366,142,66,1,0.0,0.0
1367,143,66,0,3.7,3.52
1368,143,66,1,1.7,1.14
1369,143,66,2,0.0,0.0
1370,144,66,3,4.5,5.23
1371,144,66,0,1.5,2.26
1372,144,66,1,0.0,0.0
1373,145,66,3,3.8,2.96
1374,145,66,0,3.4,2.56
1375,145,66,1,0.0,0.0
1376,151,66,0,3.4,3.68
1377,151,66,2,1.3,1.78
1378,151,66,1,0.0,0.0
1379,152,66,2,4.3,5.2
1380,152,66,1,0.0,0.0
1381,153,66,2,0.1,0.74
1382,153,66,1,0.0,0.0
1383,154,66,2,0.8,1.32
1384,154,66,0,0.0,0.0
1385,155,66,0,1.8,1.38
1386,155,66,2,0.0,0.0
1387,156,66,0,1.7,1.15
1388,156,66,1,0.0,0.0
1389,157,66,0,3.9,3.93
1390,157,66,1,0.0,0.0
1391,161,66,4,3.3,3.25
1392,161,66,2,2.5,2.26
1393,161,66,3,0.0,0.0
1394,162,66,4,3.2,3.54
1395,162,66,3,0.0,0.0
1396,163,66,4,0.9,1.28
1397,163,66,3,0.0,0.0
1398,164,66,4,2.8,3.17
1399,164,66,2,0.0,0.0
1400,165,66,4,1.5,1.56
1401,165,66,2,0.0,0.0
1402,166,66,3,1.7,2.25
1403,166,66,2,0.0,0.0
1404,167,66,2,3.7,2.85
1405,167,66,3,0.0,0.0
1406,171,66,1,5.3,5.59
1407,171,66,4,4.0,4.48
1408,171,66,3,0.0,0.0
1409,172,66,4,6.3,6.92
1410,172,66,3,0.0,0.0
1411,173,66,4,3.2,3.71
1412,173,66,3,0.0,0.0
1413,174,66,4,1.5,2.02
1414,174,66,1,0.0,0.0
1415,175,66,1,0.4,0.0
1416,175,66,4,0.0,0.09
1417,176,66,1,2.2,2.12
1418,176,66,3,0.0,0.0
1419,177,66,1,7.3,7.23
1420,177,66,3,0.0,0.0
1421,181,66,4,6.5,6.13
1422,181,66,2,2.6,2.1
1423,181,66,3,0.0,0.0
1424,182,66,4,6.1,6.31
1425,182,66,3,0.0,0.0
1426,183,66,4,4.1,4.4
1427,183,66,3,0.0,0.0
1428,184,66,4,5.0,5.91
1429,184,66,2,0.0,0.0
1430,185,66,4,5.0,4.95
1431,185,66,2,0.0,0.0
1432,186,66,3,2.1,2.53
1433,186,66,2,0.0,0.0
1434,187,66,2,4.8,3.99
1435,187,66,3,0.0,0.0
1436,191,66,1,3.4,3.42
1437,191,66,4,1.7,2.29
1438,191,66,3,0.0,0.0
1439,192,66,4,3.8,4.33
1440,192,66,3,0.0,0.0
1441,193,66,4,0.8,1.78
1442,193,66,3,0.0,0.0
1443,194,66,4,1.3,2.15
1444,194,66,1,0.0,0.0
1445,195,66,1,0.8,0.14
1446,195,66,4,0.0,0.0
1447,196,66,1,0.7,0.47
1448,196,66,3,0.0,0.0
1449,197,66,1,4.6,4.43
1450,197,66,3,0.0,0.0
1451,201,66,4,4.5,4.25
1452,201,66,2,2.7,2.25
1453,201,66,3,0.0,0.0
1454,202,66,4,2.1,2.37
1455,202,66,3,0.0,0.0
1456,203,66,4,3.1,3.05
1457,203,66,3,0.0,0.0
1458,204,66,4,2.6,2.67
1459,204,66,2,0.0,0.0
1460,205,66,4,2.2,2.2
1461,205,66,2,0.0,0.0
1462,206,66,3,1.9,2.35
1463,206,66,2,0.0,0.0
1464,207,66,2,4.5,3.97
1465,207,66,3,0.0,0.0
1466,211,66,0,1.2,0.6
1467,211,66,2,0.7,0.45
1468,211,66,1,0.0,0.0
1469,212,66,3,1.2,1.71
1470,212,66,1,0.9,1.39
1471,212,66,4,0.1,0.0
1472,212,66,2,0.0,0.46
1473,213,66,1,6.6,5.31
1474,213,66,4,2.0,1.48
1475,213,66,2,1.3,1.14
1476,213,66,3,0.0,0.0
1477,214,66,0,2.9,2.27
1478,214,66,4,2.8,2.49
1479,214,66,2,2.6,2.59
1480,214,66,3,0.0,0.0
1481,215,66,0,2.4,2.09
1482,215,66,2,1.3,1.21
1483,215,66,4,0.5,0.33
1484,215,66,3,0.0,0.0
1485,216,66,1,1.2,1.73
1486,216,66,0,0.0,0.0
1487,217,66,0,0.5,0.0
1488,217,66,1,0.0,0.35
1489,221,66,2,3.9,4.15
1490,221,66,0,3.9,3.99
1491,221,66,1,0.0,0.0
1492,222,66,2,2.9,3.15
1493,222,66,4,2.8,2.46
1494,222,66,3,0.5,0.72
1495,222,66,1,0.0,0.0
1496,223,66,4,5.6,5.46
1497,223,66,2,5.3,4.79
1498,223,66,1,3.7,2.83
1499,223,66,3,0.0,0.0
1500,224,66,2,5.6,5.26
1501,224,66,0,5.3,4.48
1502,224,66,4,5.2,5.09
1503,224,66,3,0.0,0.0
1504,225,66,0,6.4,5.96
1505,225,66,2,5.2,5.06
1506,225,66,4,3.6,3.91
1507,225,66,3,0.0,0.0
1508,226,66,0,2.1,1.96
1509,226,66,1,0.0,0.0
1510,227,66,0,1.9,2.95
1511,227,66,1,0.0,0.0
1512,232,66,2,1.8,1.88
1513,232,66,0,1.0,0.91
1514,232,66,3,0.0,0.0
1515,233,66,0,3.2,3.06
1516,233,66,3,1.4,1.63
1517,233,66,2,0.0,0.0
1518,242,66,3,3.0,3.87
1519,242,66,2,1.7,2.84
1520,242,66,0,0.0,0.0
1521,243,66,0,5.1,4.85
1522,243,66,3,4.8,5.14
1523,243,66,2,0.0,0.0
1524,252,66,2,4.4,4.37
1525,252,66,0,3.2,2.76
1526,252,66,3,0.0,0.0
1527,253,66,0,5.5,4.28
1528,253,66,2,1.4,1.8
1529,253,66,3,0.0,0.0
1530,261,66,1,7.2,6.58
1531,261,66,4,1.6,1.42
1532,261,66,3,0.0,0.0
1533,262,66,4,4.1,4.21
1534,262,66,3,0.0,0.0
1535,263,66,4,0.3,0.0
1536,263,66,3,0.0,0.01
1537,264,66,1,2.7,2.77
1538,264,66,4,0.0,0.0
1539,265,66,1,4.6,4.71
1540,265,66,4,0.0,0.0
1541,266,66,1,4.5,4.04
1542,266,66,3,0.0,0.0
1543,267,66,1,6.8,6.32
1544,267,66,3,0.0,0.0
1545,271,66,2,8.3,8.02
1546,271,66,4,7.3,7.07
1547,271,66,3,0.0,0.0
1548,272,66,4,8.0,8.12
1549,272,66,3,0.0,0.0
1550,273,66,4,3.1,3.59
1551,273,66,3,0.0,0.0
1552,274,66,4,0.4,0.76
1553,274,66,2,0.0,0.0
1554,275,66,4,0.1,0.0
1555,275,66,2,0.0,0.36
1556,276,66,2,3.4,2.93
1557,276,66,3,0.0,0.0
1558,277,66,2,8.2,8.54
1559,277,66,3,0.0,0.0
1560,281,66,1,7.8,8.32
1561,281,66,4,3.2,3.9
1562,281,66,3,0.0,0.0
1563,282,66,4,6.0,5.23
1564,282,66,3,0.0,0.0
1565,283,66,4,3.5,2.8
1566,283,66,3,0.0,0.0
1567,284,66,1,1.4,1.81
1568,284,66,4,0.0,0.0
1569,285,66,1,2.9,2.61
1570,285,66,4,0.0,0.0
1571,286,66,1,5.3,4.59
1572,286,66,3,0.0,0.0
1573,287,66,1,11.5,9.92
1574,287,66,3,0.0,0.0
1575,291,66,4,10.4,10.57
1576,291,66,2,8.7,8.62
1577,291,66,3,0.0,0.0
1578,292,66,4,9.3,9.74
1579,292,66,3,0.0,0.0
1580,293,66,4,6.9,6.86
1581,293,66,3,0.0,0.0
1582,294,66,4,2.7,2.71
1583,294,66,2,0.0,0.0
1584,295,66,4,1.8,2.67
1585,295,66,2,0.0,0.0
1586,296,66,2,3.8,3.2
1587,296,66,3,0.0,0.0
1588,297,66,2,9.8,10.19
1589,297,66,3,0.0,0.0
1590,301,66,1,4.8,4.41
1591,301,66,3,0.0,0.0
1592,304,66,1,1.5,0.44
1593,304,66,4,0.0,0.0
1594,305,66,1,2.9,2.85
1595,305,66,4,0.0,0.0
1596,311,66,2,5.5,7.61
1597,311,66,3,0.0,0.0
1598,312,66,4,3.1,3.37
1599,312,66,3,0.0,0.0
1600,313,66,4,5.5,6.6
1601,313,66,3,0.0,0.0
1602,121,67,0,6.3,5.7
1603,121,67,1,0.0,0.0
1604,122,67,0,8.7,8.24
1605,122,67,2,5.7,5.3
1606,122,67,1,0.0,0.0
1607,123,67,0,7.6,7.16
1608,123,67,1,1.6,1.64
1609,123,67,2,0.0,0.0
1610,124,67,3,8.7,8.66
1611,124,67,0,4.9,5.0
1612,124,67,1,0.0,0.0
1613,125,67,3,6.4,6.7
1614,125,67,0,6.2,6.12
1615,125,67,1,0.0,0.0
1616,131,67,0,4.2,4.3
1617,131,67,1,0.0,0.0
1618,132,67,0,6.7,6.45
1619,132,67,2,5.4,4.77
1620,132,67,1,0.0,0.0
1621,133,67,0,5.1,5.38
1622,133,67,1,1.3,1.66
1623,133,67,2,0.0,0.0
1624,134,67,3,5.4,5.45
1625,134,67,0,1.8,2.6
1626,134,67,1,0.0,0.0
1627,135,67,3,4.8,5.25
1628,135,67,0,4.3,4.4
1629,135,67,1,0.0,0.0
1630,141,67,0,2.7,3.04
1631,141,67,1,0.0,0.0
1632,142,67,0,5.3,5.51
1633,142,67,2,5.2,5.03
1634,142,67,1,0.0,0.0
1635,143,67,0,3.7,3.86
1636,143,67,1,1.5,1.0
1637,143,67,2,0.0,0.0
1638,144,67,3,5.8,5.71
1639,144,67,0,2.4,2.42
1640,144,67,1,0.0,0.0
1641,145,67,0,2.5,3.2
1642,145,67,3,2.3,3.5
1643,145,67,1,0.0,0.0
1644,151,67,0,4.9,4.32
1645,151,67,2,2.4,2.39
1646,151,67,1,0.0,0.0
1647,152,67,2,6.1,5.43
1648,152,67,1,0.0,0.0
1649,153,67,2,1.2,0.83
1650,153,67,1,0.0,0.0
1651,154,67,2,1.1,1.35
1652,154,67,0,0.0,0.0
1653,155,67,0,2.1,1.55
1654,155,67,2,0.0,0.0
1655,156,67,0,2.0,1.46
1656,156,67,1,0.0,0.0
1657,157,67,0,4.6,4.21
1658,157,67,1,0.0,0.0
1659,161,67,4,4.1,4.03
1660,161,67,2,3.0,2.65
1661,161,67,3,0.0,0.0
1662,162,67,4,4.3,4.45
1663,162,67,3,0.0,0.0
1664,163,67,4,2.3,1.66
1665,163,67,3,0.0,0.0
1666,164,67,4,3.7,3.72
1667,164,67,2,0.0,0.0
1668,165,67,4,0.9,1.05
1669,165,67,2,0.0,0.0
1670,166,67,3,2.2,2.6
1671,166,67,2,0.0,0.0
1672,167,67,2,4.0,3.52
1673,167,67,3,0.0,0.0
1674,171,67,1,6.4,5.78
1675,171,67,4,4.7,4.7
1676,171,67,3,0.0,0.0
1677,172,67,4,7.4,7.14
1678,172,67,3,0.0,0.0
1679,173,67,4,3.8,3.73
1680,173,67,3,0.0,0.0
1681,174,67,4,1.9,2.3
1682,174,67,1,0.0,0.0
1683,175,67,1,0.6,0.35
1684,175,67,4,0.0,0.0
1685,176,67,1,2.5,2.3
1686,176,67,3,0.0,0.0
1687,177,67,1,8.4,7.68
1688,177,67,3,0.0,0.0
1689,181,67,4,7.0,6.69
1690,181,67,2,2.9,2.43
1691,181,67,3,0.0,0.0
1692,182,67,4,7.3,6.88
1693,182,67,3,0.0,0.0
1694,183,67,4,5.6,4.91
1695,183,67,3,0.0,0.0
1696,184,67,4,6.3,6.21
1697,184,67,2,0.0,0.0
1698,185,67,4,4.7,4.95
1699,185,67,2,0.0,0.0
1700,186,67,3,2.1,3.18
1701,186,67,2,0.0,0.0
1702,187,67,2,5.2,3.95
1703,187,67,3,0.0,0.0
1704,191,67,1,3.8,3.91
1705,191,67,4,2.3,2.58
1706,191,67,3,0.0,0.0
1707,192,67,4,4.6,4.74
1708,192,67,3,0.0,0.0
1709,193,67,4,2.1,1.82
1710,193,67,3,0.0,0.0
1711,194,67,4,2.4,2.1
1712,194,67,1,0.0,0.0
1713,195,67,1,0.6,0.26
1714,195,67,4,0.0,0.0
1715,196,67,1,0.9,0.66
1716,196,67,3,0.0,0.0
1717,197,67,1,5.1,5.35
1718,197,67,3,0.0,0.0
1719,201,67,4,5.1,4.83
1720,201,67,2,3.0,2.38
1721,201,67,3,0.0,0.0
1722,202,67,4,2.9,2.67
1723,202,67,3,0.0,0.0
1724,203,67,4,4.2,3.9
1725,203,67,3,0.0,0.0
1726,204,67,4,3.4,3.19
1727,204,67,2,0.0,0.0
1728,205,67,4,2.6,2.55
1729,205,67,2,0.0,0.0
1730,206,67,3,2.5,2.81
1731,206,67,2,0.0,0.0
1732,207,67,2,4.6,4.72
1733,207,67,3,0.0,0.0
1734,211,67,0,1.0,0.68
1735,211,67,2,0.7,0.64
1736,211,67,1,0.0,0.0
1737,212,67,3,1.6,2.02
1738,212,67,1,1.4,1.68
1739,212,67,2,0.5,0.65
1740,212,67,4,0.0,0.0
1741,213,67,1,6.4,5.58
1742,213,67,4,2.3,2.18
1743,213,67,2,1.5,1.74
1744,213,67,3,0.0,0.0
1745,214,67,2,3.0,3.06
1746,214,67,0,3.0,2.71
1747,214,67,4,2.9,2.91
1748,214,67,3,0.0,0.0
1749,215,67,0,2.3,2.16
1750,215,67,2,1.3,1.29
1751,215,67,4,0.1,0.18
1752,215,67,3,0.0,0.0
1753,216,67,1,1.6,2.28
1754,216,67,0,0.0,0.0
1755,217,67,0,0.1,0.0
1756,217,67,1,0.0,0.08
1757,221,67,2,4.7,4.52
1758,221,67,0,4.5,4.37
1759,221,67,1,0.0,0.0
1760,222,67,2,3.1,3.89
1761,222,67,4,2.8,2.89
1762,222,67,3,0.7,0.99
1763,222,67,1,0.0,0.0
1764,223,67,4,6.6,6.07
1765,223,67,2,6.0,5.66
1766,223,67,1,3.3,3.36
1767,223,67,3,0.0,0.0
1768,224,67,2,5.6,5.86
1769,224,67,4,5.5,5.63
1770,224,67,0,4.9,4.95
1771,224,67,3,0.0,0.0
1772,225,67,0,6.3,6.28
1773,225,67,2,5.2,5.19
1774,225,67,4,4.1,3.82
1775,225,67,3,0.0,0.0
1776,226,67,0,1.8,2.18
1777,226,67,1,0.0,0.0
1778,227,67,0,3.8,3.28
1779,227,67,1,0.0,0.0
1780,232,67,2,2.2,2.29
1781,232,67,0,1.2,1.31
1782,232,67,3,0.0,0.0
1783,233,67,0,3.7,3.32
1784,233,67,3,2.1,1.84
1785,233,67,2,0.0,0.0
1786,242,67,3,4.3,4.52
1787,242,67,2,2.8,3.54
1788,242,67,0,0.0,0.0
1789,243,67,3,6.2,6.16
1790,243,67,0,6.0,5.62
1791,243,67,2,0.0,0.0
1792,252,67,2,4.8,4.66
1793,252,67,0,3.0,3.07
1794,252,67,3,0.0,0.0
1795,253,67,2,1.7,1.74
1796,253,67,3,0.0,0.0
1797,261,67,1,8.2,7.76
1798,261,67,4,1.6,1.79
1799,261,67,3,0.0,0.0
1800,262,67,4,4.5,5.24
1801,262,67,3,0.0,0.0
1802,263,67,4,0.1,0.32
1803,263,67,3,0.0,0.0
1804,264,67,1,3.4,3.07
1805,264,67,4,0.0,0.0
1806,265,67,1,6.1,5.96
1807,265,67,4,0.0,0.0
1808,266,67,1,5.1,4.79
1809,266,67,3,0.0,0.0
1810,267,67,1,7.6,8.34
1811,267,67,3,0.0,0.0
1812,271,67,2,9.2,8.91
1813,271,67,4,8.3,8.06
1814,271,67,3,0.0,0.0
1815,272,67,4,9.4,9.22
1816,272,67,3,0.0,0.0
1817,273,67,4,5.0,4.13
1818,273,67,3,0.0,0.0
1819,275,67,2,0.6,0.5
1820,275,67,4,0.0,0.0
1821,276,67,2,3.3,3.15
1822,276,67,3,0.0,0.0
1823,277,67,2,10.6,9.67
1824,277,67,3,0.0,0.0
1825,281,67,1,10.7,8.73
1826,281,67,4,3.6,3.71
1827,281,67,3,0.0,0.0
1828,282,67,4,5.7,6.06
1829,282,67,3,0.0,0.0
1830,283,67,4,2.4,3.23
1831,283,67,3,0.0,0.0
1832,285,67,1,6.5,3.75
1833,285,67,4,0.0,0.0
1834,287,67,1,13.0,11.28
1835,287,67,3,0.0,0.0
1836,291,67,4,12.1,11.52
1837,291,67,2,10.2,9.18
1838,291,67,3,0.0,0.0
1839,293,67,4,8.3,8.08
1840,293,67,3,0.0,0.0
1841,295,67,4,1.8,3.83
1842,295,67,2,0.0,0.0
1843,296,67,2,4.1,3.59
1844,296,67,3,0.0,0.0
1845,297,67,2,11.1,11.4
1846,297,67,3,0.0,0.0
1847,301,67,1,5.6,5.04
1848,301,67,3,0.0,0.0
1849,304,67,1,1.8,1.41
1850,304,67,4,0.0,0.0
1851,305,67,1,4.4,3.74
1852,305,67,4,0.0,0.0
1853,311,67,2,8.0,8.43
1854,311,67,3,0.0,0.0
1855,312,67,4,4.0,3.5
1856,312,67,3,0.0,0.0
1857,313,67,4,8.4,7.0
1858,313,67,3,0.0,0.0
1859,121,68,0,6.5,5.54
1860,121,68,1,0.0,0.0
1861,122,68,0,9.1,8.6
1862,122,68,2,6.3,5.57
1863,122,68,1,0.0,0.0
1864,123,68,0,7.3,7.54
1865,123,68,1,1.6,1.93
1866,123,68,2,0.0,0.0
1867,124,68,3,9.3,8.59
1868,124,68,0,5.2,4.85
1869,124,68,1,0.0,0.0
1870,125,68,3,5.5,7.12
1871,125,68,0,5.4,6.53
1872,125,68,1,0.0,0.0
1873,131,68,0,4.6,4.54
1874,131,68,1,0.0,0.0
1875,132,68,0,7.4,7.03
1876,132,68,2,5.8,5.53
1877,132,68,1,0.0,0.0
1878,133,68,0,5.6,5.58
1879,133,68,1,1.6,1.49
1880,133,68,2,0.0,0.0
1881,134,68,3,6.1,5.6
1882,134,68,0,2.4,2.23
1883,134,68,1,0.0,0.0
1884,135,68,0,4.1,5.02
1885,135,68,3,3.9,5.78
1886,135,68,1,0.0,0.0
1887,141,68,0,3.3,2.83
1888,141,68,1,0.0,0.0
1889,142,68,0,6.0,5.98
1890,142,68,2,5.8,5.46
1891,142,68,1,0.0,0.0
1892,143,68,0,3.8,4.17
1893,143,68,1,1.2,1.03
1894,143,68,2,0.0,0.0
1895,144,68,3,6.4,6.1
1896,144,68,0,2.6,2.68
1897,144,68,1,0.0,0.0
1898,145,68,3,2.4,3.63
1899,145,68,0,1.8,3.65
1900,145,68,1,0.0,0.0
1901,151,68,0,5.0,4.79
1902,151,68,2,2.8,2.51
1903,151,68,1,0.0,0.0
1904,152,68,2,6.3,5.39
1905,152,68,1,0.0,0.0
1906,153,68,2,1.3,1.16
1907,153,68,1,0.0,0.0
1908,154,68,2,1.6,1.57
1909,154,68,0,0.0,0.0
1910,155,68,0,2.8,1.59
1911,155,68,2,0.0,0.0
1912,156,68,0,1.4,1.68
1913,156,68,1,0.0,0.0
1914,157,68,0,5.5,4.94
1915,157,68,1,0.0,0.0
1916,161,68,4,4.2,4.43
1917,161,68,2,2.6,2.79
1918,161,68,3,0.0,0.0
1919,162,68,4,5.1,4.91
1920,162,68,3,0.0,0.0
1921,163,68,4,2.5,1.85
1922,163,68,3,0.0,0.0
1923,164,68,4,4.0,4.34
1924,164,68,2,0.0,0.0
1925,165,68,2,0.8,0.0
1926,165,68,4,0.0,2.27
1927,166,68,3,3.2,3.08
1928,166,68,2,0.0,0.0
1929,167,68,2,4.2,3.71
1930,167,68,3,0.0,0.0
1931,171,68,1,6.8,5.97
1932,171,68,4,5.1,4.77
1933,171,68,3,0.0,0.0
1934,172,68,4,8.2,7.4
1935,172,68,3,0.0,0.0
1936,173,68,4,4.1,3.8
1937,173,68,3,0.0,0.0
1938,174,68,4,2.2,2.41
1939,174,68,1,0.0,0.0
1940,175,68,1,0.9,0.22
1941,175,68,4,0.0,0.0
1942,176,68,1,2.8,2.29
1943,176,68,3,0.0,0.0
1944,177,68,1,9.2,8.02
1945,177,68,3,0.0,0.0
1946,181,68,4,7.4,7.04
1947,181,68,2,2.9,2.59
1948,181,68,3,0.0,0.0
1949,182,68,4,7.7,7.26
1950,182,68,3,0.0,0.0
1951,183,68,4,6.0,5.06
1952,183,68,3,0.0,0.0
1953,184,68,4,6.5,6.33
1954,184,68,2,0.0,0.0
1955,185,68,4,3.5,5.13
1956,185,68,2,0.0,0.0
1957,186,68,3,3.5,3.16
1958,186,68,2,0.0,0.0
1959,187,68,2,6.2,4.16
1960,187,68,3,0.0,0.0
1961,191,68,1,4.6,4.01
1962,191,68,4,3.1,2.67
1963,191,68,3,0.0,0.0
1964,192,68,4,5.3,5.1
1965,192,68,3,0.0,0.0
1966,193,68,4,2.3,2.16
1967,193,68,3,0.0,0.0
1968,194,68,4,2.1,2.71
1969,194,68,1,0.0,0.0
1970,195,68,1,0.5,0.93
1971,195,68,4,0.0,0.0
1972,196,68,1,1.0,0.59
1973,196,68,3,0.0,0.0
1974,197,68,1,6.4,5.05
1975,197,68,3,0.0,0.0
1976,201,68,4,5.4,4.96
1977,201,68,2,2.7,2.49
1978,201,68,3,0.0,0.0
1979,202,68,4,3.1,2.98
1980,202,68,3,0.0,0.0
1981,203,68,4,5.1,4.02
1982,203,68,3,0.0,0.0
1983,204,68,4,3.5,3.55
1984,204,68,2,0.0,0.0
1985,205,68,4,1.7,3.11
1986,205,68,2,0.0,0.0
1987,206,68,3,3.2,3.01
1988,206,68,2,0.0,0.0
1989,207,68,2,5.6,4.82
1990,207,68,3,0.0,0.0
1991,211,68,2,1.0,0.52
1992,211,68,0,0.5,0.66
1993,211,68,1,0.0,0.0
1994,212,68,3,2.3,2.24
1995,212,68,1,2.1,1.38
1996,212,68,2,0.9,0.82
1997,212,68,4,0.0,0.0
1998,213,68,1,6.0,6.31
1999,213,68,4,1.9,2.45
2000,213,68,2,1.9,1.95
2001,213,68,3,0.0,0.0
2002,214,68,2,3.7,3.34
2003,214,68,4,3.1,3.22
2004,214,68,0,2.9,2.82
2005,214,68,3,0.0,0.0
2006,215,68,0,2.5,2.22
2007,215,68,2,1.2,1.43
2008,215,68,3,0.5,0.0
2009,215,68,4,0.0,0.0
2010,216,68,1,2.7,2.11
2011,216,68,0,0.0,0.0
2012,217,68,0,0.5,0.26
2013,217,68,1,0.0,0.0
2014,221,68,2,5.2,5.13
2015,221,68,0,4.9,4.8
2016,221,68,1,0.0,0.0
2017,222,68,2,3.9,4.44
2018,222,68,4,3.4,3.13
2019,222,68,1,0.0,0.0
2020,223,68,4,7.0,6.79
2021,223,68,2,6.4,5.96
2022,223,68,1,3.3,3.7
2023,223,68,3,0.0,0.0
2024,224,68,4,5.9,5.78
2025,224,68,2,5.6,6.18
2026,224,68,0,5.0,5.14
2027,224,68,3,0.0,0.0
2028,225,68,0,6.3,6.47
2029,225,68,2,4.9,5.59
2030,225,68,4,4.3,4.0
2031,225,68,3,0.0,0.0
2032,226,68,0,1.8,2.39
2033,226,68,1,0.0,0.0
2034,227,68,0,4.2,3.37
2035,227,68,1,0.0,0.0
2036,232,68,2,2.4,2.53
2037,232,68,0,1.4,1.19
2038,232,68,3,0.0,0.0
2039,233,68,0,3.5,3.69
2040,233,68,3,2.1,2.12
2041,233,68,2,0.0,0.0
2042,242,68,3,5.6,5.01
2043,242,68,2,4.3,3.91
2044,242,68,0,0.0,0.0
2045,243,68,3,6.9,6.6
2046,243,68,0,5.9,6.2
2047,243,68,2,0.0,0.0
2048,252,68,0,2.9,3.56
2049,252,68,3,0.0,0.0
2050,253,68,2,1.8,1.68
2051,253,68,3,0.0,0.0
2052,261,68,1,9.1,7.81
2053,261,68,4,1.5,2.0
2054,261,68,3,0.0,0.0
2055,262,68,4,5.3,6.36
2056,262,68,3,0.0,0.0
2057,263,68,4,0.0,0.51
2058,263,68,3,0.0,0.0
2059,265,68,1,7.5,5.56
2060,265,68,4,0.0,0.0
2061,267,68,1,9.6,8.6
2062,267,68,3,0.0,0.0
2063,271,68,2,9.0,9.61
2064,271,68,4,8.2,9.08
2065,271,68,3,0.0,0.0
2066,272,68,4,11.1,9.68
2067,272,68,3,0.0,0.0
2068,273,68,4,4.8,5.23
2069,273,68,3,0.0,0.0
2070,275,68,2,1.8,0.0
2071,275,68,4,0.0,0.14
2072,276,68,2,2.2,3.28
2073,276,68,3,0.0,0.0
2074,277,68,2,12.1,9.92
2075,277,68,3,0.0,0.0
2076,281,68,4,3.8,3.98
2077,281,68,3,0.0,0.0
2078,282,68,4,5.9,6.14
2079,282,68,3,0.0,0.0
2080,283,68,4,2.4,3.18
2081,283,68,3,0.0,0.0
2082,285,68,1,6.3,5.25
2083,285,68,4,0.0,0.0
2084,291,68,2,10.5,10.56
2085,291,68,3,0.0,0.0
2086,293,68,4,8.4,8.61
2087,293,68,3,0.0,0.0
2088,296,68,2,3.4,3.83
2089,296,68,3,0.0,0.0
2090,297,68,2,12.7,11.74
2091,297,68,3,0.0,0.0
2092,301,68,1,6.3,5.12
2093,301,68,3,0.0,0.0
2094,304,68,1,2.9,1.55
2095,304,68,4,0.0,0.0
2096,305,68,1,5.0,4.35
2097,305,68,4,0.0,0.0
2098,311,68,2,8.3,8.63
2099,311,68,3,0.0,0.0
2100,312,68,4,4.0,3.59
2101,312,68,3,0.0,0.0
2102,313,68,4,9.2,6.63
2103,313,68,3,0.0,0.0
2104,121,69,0,5.6,5.2
2105,121,69,1,0.0,0.0
2106,122,69,0,6.8,5.95
2107,122,69,2,2.9,2.93
2108,122,69,1,0.0,0.0
2109,123,69,0,6.3,5.9
2110,123,69,1,0.3,0.54
2111,123,69,2,0.0,0.0
2112,124,69,3,6.0,6.07
2113,124,69,0,4.1,3.91
2114,124,69,1,0.0,0.0
2115,125,69,3,7.3,6.59
2116,125,69,0,5.8,5.41
2117,125,69,1,0.0,0.0
2118,131,69,0,3.3,3.31
2119,131,69,1,0.0,0.0
2120,132,69,0,4.4,4.16
2121,132,69,2,2.9,2.93
2122,132,69,1,0.0,0.0
2123,133,69,0,3.7,3.81
2124,133,69,2,0.4,0.0
2125,133,69,1,0.0,0.46
2126,134,69,3,3.3,3.16
2127,134,69,0,1.1,1.66
2128,134,69,1,0.0,0.0
2129,135,69,3,4.9,4.4
2130,135,69,0,2.9,3.57
2131,135,69,1,0.0,0.0
2132,141,69,0,2.1,1.95
2133,141,69,1,0.0,0.0
2134,142,69,0,3.8,3.05
2135,142,69,2,3.1,2.85
2136,142,69,1,0.0,0.0
2137,143,69,0,2.5,2.74
2138,143,69,2,0.1,0.0
2139,143,69,1,0.0,0.84
2140,144,69,3,3.1,3.07
2141,144,69,0,1.2,1.27
2142,144,69,1,0.0,0.0
2143,145,69,3,3.0,3.29
2144,145,69,0,1.7,2.21
2145,145,69,1,0.0,0.0
2146,151,69,0,1.5,2.26
2147,151,69,2,0.7,1.27
2148,151,69,1,0.0,0.0
2149,152,69,2,3.0,3.8
2150,152,69,1,0.0,0.0
2151,153,69,2,0.5,0.85
2152,153,69,1,0.0,0.0
2153,154,69,2,1.2,0.97
2154,154,69,0,0.0,0.0
2155,155,69,2,0.4,0.0
2156,155,69,0,0.0,0.68
2157,156,69,0,0.6,0.7
2158,156,69,1,0.0,0.0
2159,157,69,0,1.3,2.1
2160,157,69,1,0.0,0.0
2161,161,69,4,1.8,1.84
2162,161,69,2,1.3,1.2
2163,161,69,3,0.0,0.0
2164,162,69,4,2.0,2.0
2165,162,69,3,0.0,0.0
2166,163,69,3,0.7,0.0
2167,163,69,4,0.0,0.44
2168,164,69,4,2.1,2.34
2169,164,69,2,0.0,0.0
2170,165,69,4,1.9,1.41
2171,165,69,2,0.0,0.0
2172,166,69,3,2.1,1.5
2173,166,69,2,0.0,0.0
2174,167,69,2,1.1,1.78
2175,167,69,3,0.0,0.0
2176,171,69,4,3.6,4.29
2177,171,69,1,3.3,4.69
2178,171,69,3,0.0,0.0
2179,172,69,4,5.7,5.18
2180,172,69,3,0.0,0.0
2181,173,69,4,3.4,3.34
2182,173,69,3,0.0,0.0
2183,174,69,4,2.1,1.96
2184,174,69,1,0.0,0.0
2185,175,69,4,2.0,1.47
2186,175,69,1,0.0,0.0
2187,176,69,1,1.9,2.38
2188,176,69,3,0.0,0.0
2189,177,69,1,5.0,5.65
2190,177,69,3,0.0,0.0
2191,181,69,4,5.2,4.86
2192,181,69,2,0.5,1.1
2193,181,69,3,0.0,0.0
2194,182,69,4,4.6,4.7
2195,182,69,3,0.0,0.0
2196,183,69,4,2.8,3.61
2197,183,69,3,0.0,0.0
2198,184,69,4,5.1,4.72
2199,184,69,2,0.0,0.0
2200,185,69,4,6.7,5.63
2201,185,69,2,0.0,0.0
2202,186,69,3,2.5,2.01
2203,186,69,2,0.0,0.0
2204,187,69,2,1.0,2.51
2205,187,69,3,0.0,0.0
2206,191,69,1,1.7,1.96
2207,191,69,4,1.2,1.51
2208,191,69,3,0.0,0.0
2209,192,69,4,2.8,2.95
2210,192,69,3,0.0,0.0
2211,193,69,4,0.9,1.47
2212,193,69,3,0.0,0.0
2213,194,69,4,1.8,1.55
2214,194,69,1,0.0,0.0
2215,195,69,4,1.7,0.72
2216,195,69,1,0.0,0.0
2217,196,69,1,0.2,0.18
2218,196,69,3,0.0,0.0
2219,197,69,1,3.1,2.57
2220,197,69,3,0.0,0.0
2221,201,69,4,2.3,2.75
2222,201,69,2,1.0,1.55
2223,201,69,3,0.0,0.0
2224,202,69,4,0.9,1.31
2225,202,69,3,0.0,0.0
2226,203,69,4,0.4,1.21
2227,203,69,3,0.0,0.0
2228,204,69,4,2.6,2.15
2229,204,69,2,0.0,0.0
2230,205,69,4,3.3,2.09
2231,205,69,2,0.0,0.0
2232,206,69,3,1.9,1.75
2233,206,69,2,0.0,0.0
2234,207,69,2,1.8,2.52
2235,207,69,3,0.0,0.0
2236,211,69,0,1.5,0.49
2237,211,69,1,0.6,0.0
2238,211,69,2,0.0,0.11
2239,212,69,3,1.8,1.19
2240,212,69,1,1.4,0.96
2241,212,69,4,0.4,0.0
2242,212,69,2,0.0,0.15
2243,213,69,1,2.8,4.1
2244,213,69,4,1.1,0.54
2245,213,69,3,0.7,0.18
2246,213,69,2,0.0,0.0
2247,214,69,4,1.8,1.45
2248,214,69,2,1.2,1.58
2249,214,69,0,1.2,1.5
2250,214,69,3,0.0,0.0
2251,215,69,0,2.4,1.82
2252,215,69,4,0.9,0.48
2253,215,69,2,0.9,1.15
2254,215,69,3,0.0,0.0
2255,216,69,1,1.6,1.34
2256,216,69,0,0.0,0.0
2257,217,69,1,1.1,0.69
2258,217,69,0,0.0,0.0
2259,221,69,2,2.6,2.94
2260,221,69,0,2.6,2.73
2261,221,69,1,0.0,0.0
2262,222,69,2,1.8,1.82
2263,222,69,4,0.8,1.37
2264,222,69,3,0.8,0.34
2265,222,69,1,0.0,0.0
2266,223,69,4,3.3,3.41
2267,223,69,1,3.2,1.93
2268,223,69,2,3.1,2.73
2269,223,69,3,0.0,0.0
2270,224,69,2,4.1,4.09
2271,224,69,4,3.2,3.79
2272,224,69,0,3.2,3.29
2273,224,69,3,0.0,0.0
2274,225,69,0,4.7,4.81
2275,225,69,2,4.0,4.09
2276,225,69,4,2.3,3.13
2277,225,69,3,0.0,0.0
2278,226,69,0,0.3,1.13
2279,226,69,1,0.0,0.0
2280,227,69,1,0.7,0.0
2281,227,69,0,0.0,1.06
2282,232,69,2,1.6,1.39
2283,232,69,0,0.2,0.78
2284,232,69,3,0.0,0.0
2285,233,69,0,2.4,2.15
2286,233,69,3,0.3,0.92
2287,233,69,2,0.0,0.0
2288,242,69,3,2.3,2.82
2289,242,69,2,2.1,2.04
2290,242,69,0,0.0,0.0
2291,243,69,3,3.2,3.68
2292,243,69,0,3.1,3.41
2293,243,69,2,0.0,0.0
2294,252,69,2,2.5,3.07
2295,252,69,0,1.4,1.79
2296,252,69,3,0.0,0.0
2297,253,69,0,4.3,3.99
2298,253,69,2,1.2,1.47
2299,253,69,3,0.0,0.0
2300,261,69,1,4.8,4.38
2301,261,69,4,1.6,1.2
2302,261,69,3,0.0,0.0
2303,262,69,4,3.7,2.72
2304,262,69,3,0.0,0.0
2305,263,69,4,0.6,0.1
2306,263,69,3,0.0,0.0
2307,264,69,1,1.0,1.66
2308,264,69,4,0.0,0.0
2309,265,69,1,2.3,2.82
2310,265,69,4,0.0,0.0
2311,266,69,1,3.0,2.98
2312,266,69,3,0.0,0.0
2313,267,69,1,3.6,4.02
2314,267,69,3,0.0,0.0
2315,271,69,2,5.4,5.39
2316,271,69,4,5.1,4.88
2317,271,69,3,0.0,0.0
2318,272,69,4,6.1,5.59
2319,272,69,3,0.0,0.0
2320,273,69,4,2.2,1.46
2321,273,69,3,0.0,0.0
2322,274,69,4,0.7,0.92
2323,274,69,2,0.0,0.0
2324,275,69,4,0.1,0.0
2325,275,69,2,0.0,0.48
2326,276,69,2,2.2,1.91
2327,276,69,3,0.0,0.0
2328,277,69,2,4.1,5.79
2329,277,69,3,0.0,0.0
2330,281,69,1,6.0,6.21
2331,281,69,4,4.8,3.39
2332,281,69,3,0.0,0.0
2333,282,69,4,5.9,4.26
2334,282,69,3,0.0,0.0
2335,283,69,4,4.4,2.45
2336,283,69,3,0.0,0.0
2337,284,69,1,0.1,0.97
2338,284,69,4,0.0,0.0
2339,285,69,4,0.1,0.0
2340,285,69,1,0.0,0.91
2341,286,69,1,3.5,3.19
2342,286,69,3,0.0,0.0
2343,287,69,1,7.3,6.81
2344,287,69,3,0.0,0.0
2345,291,69,4,8.6,7.37
2346,291,69,2,4.8,5.43
2347,291,69,3,0.0,0.0
2348,292,69,4,8.7,7.13
2349,292,69,3,0.0,0.0
2350,293,69,4,4.8,4.96
2351,293,69,3,0.0,0.0
2352,294,69,4,3.0,2.99
2353,294,69,2,0.0,0.0
2354,295,69,4,4.3,2.96
2355,295,69,2,0.0,0.0
2356,296,69,2,1.2,1.46
2357,296,69,3,0.0,0.0
2358,297,69,2,4.1,6.53
2359,297,69,3,0.0,0.0
2360,301,69,1,2.5,3.34
2361,301,69,3,0.0,0.0
2362,304,69,1,0.4,0.14
2363,304,69,4,0.0,0.0
2364,305,69,1,0.1,0.7
2365,305,69,4,0.0,0.0
2366,311,69,2,4.1,5.35
2367,311,69,3,0.0,0.0
2368,312,69,4,1.0,2.03
2369,312,69,3,0.0,0.0
2370,313,69,4,1.8,3.71
2371,313,69,3,0.0,0.0
2372,121,70,0,4.1,4.31
2373,121,70,1,0.0,0.0
2374,122,70,0,5.7,5.92
2375,122,70,2,3.1,3.45
2376,122,70,1,0.0,0.0
2377,123,70,0,4.4,4.62
2378,123,70,2,0.2,0.0
2379,123,70,1,0.0,0.3
2380,124,70,3,5.9,5.78
2381,124,70,0,3.5,3.62
2382,124,70,1,0.0,0.0
2383,125,70,3,5.4,6.27
2384,125,70,0,4.0,4.62
2385,125,70,1,0.0,0.0
2386,131,70,0,3.0,3.45
2387,131,70,1,0.0,0.0
2388,132,70,0,4.4,4.5
2389,132,70,2,3.1,3.23
2390,132,70,1,0.0,0.0
2391,133,70,0,3.3,3.75
2392,133,70,2,0.1,0.0
2393,133,70,1,0.0,0.77
2394,134,70,3,3.1,3.21
2395,134,70,0,1.4,1.68
2396,134,70,1,0.0,0.0
2397,135,70,3,4.0,4.49
2398,135,70,0,2.7,3.5
2399,135,70,1,0.0,0.0
2400,141,70,0,1.7,1.87
2401,141,70,1,0.0,0.0
2402,142,70,2,3.3,3.51
2403,142,70,0,3.3,3.76
2404,142,70,1,0.0,0.0
2405,143,70,0,2.0,2.71
2406,143,70,1,0.4,0.83
2407,143,70,2,0.0,0.0
2408,144,70,3,2.9,3.54
2409,144,70,0,1.0,1.59
2410,144,70,1,0.0,0.0
2411,145,70,3,2.1,2.98
2412,145,70,0,1.7,2.07
2413,145,70,1,0.0,0.0
2414,151,70,0,2.5,2.26
2415,151,70,2,1.9,1.39
2416,151,70,1,0.0,0.0
2417,152,70,2,3.0,3.71
2418,152,70,1,0.0,0.0
2419,153,70,2,1.6,0.83
2420,153,70,1,0.0,0.0
2421,154,70,2,0.9,1.01
2422,154,70,0,0.0,0.0
2423,155,70,0,0.3,0.36
2424,155,70,2,0.0,0.0
2425,156,70,0,0.7,0.49
2426,156,70,1,0.0,0.0
2427,157,70,0,1.9,2.11
2428,157,70,1,0.0,0.0
2429,161,70,4,2.2,2.04
2430,161,70,2,1.2,1.46
2431,161,70,3,0.0,0.0
2432,162,70,4,1.9,2.41
2433,162,70,3,0.0,0.0
2434,163,70,4,0.0,0.3
2435,163,70,3,0.0,0.0
2436,164,70,4,2.5,2.32
2437,164,70,2,0.0,0.0
2438,165,70,4,0.8,1.43
2439,165,70,2,0.0,0.0
2440,166,70,3,1.4,1.72
2441,166,70,2,0.0,0.0
2442,167,70,2,1.3,1.51
2443,167,70,3,0.0,0.0
2444,171,70,1,4.2,3.84
2445,171,70,4,3.9,3.66
2446,171,70,3,0.0,0.0
2447,172,70,4,5.4,5.2
2448,172,70,3,0.0,0.0
2449,173,70,4,3.1,3.04
2450,173,70,3,0.0,0.0
2451,174,70,4,2.1,2.04
2452,174,70,1,0.0,0.0
2453,175,70,4,2.1,1.2
2454,175,70,1,0.0,0.0
2455,176,70,1,1.8,1.86
2456,176,70,3,0.0,0.0
2457,177,70,1,5.4,4.68
2458,177,70,3,0.0,0.0
2459,181,70,4,4.3,4.48
2460,181,70,2,0.7,0.62
2461,181,70,3,0.0,0.0
2462,182,70,4,3.9,4.66
2463,182,70,3,0.0,0.0
2464,183,70,4,2.0,2.83
2465,183,70,3,0.0,0.0
2466,184,70,4,4.9,4.71
2467,184,70,2,0.0,0.0
2468,185,70,4,5.7,5.33
2469,185,70,2,0.0,0.0
2470,186,70,3,2.0,2.18
2471,186,70,2,0.0,0.0
2472,187,70,2,1.7,2.43
2473,187,70,3,0.0,0.0
2474,191,70,1,2.9,1.98
2475,191,70,4,2.0,1.76
2476,191,70,3,0.0,0.0
2477,192,70,4,3.2,3.01
2478,192,70,3,0.0,0.0
2479,193,70,4,1.4,1.58
2480,193,70,3,0.0,0.0
2481,194,70,4,1.7,1.55
2482,194,70,1,0.0,0.0
2483,195,70,4,1.4,0.72
2484,195,70,1,0.0,0.0
2485,196,70,1,0.2,0.25
2486,196,70,3,0.0,0.0
2487,197,70,1,2.0,3.05
2488,197,70,3,0.0,0.0
2489,201,70,4,2.7,3.33
2490,201,70,2,0.9,1.8
2491,201,70,3,0.0,0.0
2492,202,70,4,1.3,1.5
2493,202,70,3,0.0,0.0
2494,203,70,4,1.1,1.61
2495,203,70,3,0.0,0.0
2496,204,70,4,2.3,2.08
2497,204,70,2,0.0,0.0
2498,205,70,4,1.9,2.24
2499,205,70,2,0.0,0.0
2500,206,70,3,2.2,1.93
2501,206,70,2,0.0,0.0
2502,207,70,2,1.4,2.94
2503,207,70,3,0.0,0.0
2504,211,70,1,0.9,0.0
2505,211,70,2,0.7,0.17
2506,211,70,0,0.0,0.12
2507,212,70,3,1.5,1.33
2508,212,70,1,1.5,0.9
2509,212,70,2,1.1,0.24
2510,212,70,4,0.0,0.0
2511,213,70,1,6.2,4.69
2512,213,70,4,1.0,1.1
2513,213,70,2,1.0,0.3
2514,213,70,3,0.0,0.0
2515,214,70,2,2.4,1.82
2516,214,70,4,1.8,1.81
2517,214,70,0,1.1,1.76
2518,214,70,3,0.0,0.0
2519,215,70,2,1.7,0.95
2520,215,70,0,1.5,1.63
2521,215,70,4,0.4,0.27
2522,215,70,3,0.0,0.0
2523,216,70,1,1.7,1.34
2524,216,70,0,0.0,0.0
2525,217,70,1,1.7,0.39
2526,217,70,0,0.0,0.0
2527,221,70,2,3.5,3.28
2528,221,70,0,3.2,3.03
2529,221,70,1,0.0,0.0
2530,222,70,4,2.2,1.93
2531,222,70,3,0.3,0.63
2532,222,70,1,0.0,0.0
2533,223,70,4,4.1,3.98
2534,223,70,2,3.5,3.44
2535,223,70,1,2.9,2.53
2536,223,70,3,0.0,0.0
2537,224,70,4,4.2,4.03
2538,224,70,0,4.1,3.56
2539,224,70,3,0.0,0.0
2540,225,70,0,5.3,5.03
2541,225,70,2,4.8,4.26
2542,225,70,4,3.0,3.21
2543,225,70,3,0.0,0.0
2544,226,70,0,1.9,1.62
2545,226,70,1,0.0,0.0
2546,227,70,0,1.1,1.36
2547,227,70,1,0.0,0.0
2548,232,70,2,1.1,1.68
2549,232,70,0,0.1,0.75
2550,232,70,3,0.0,0.0
2551,233,70,0,2.1,2.35
2552,233,70,3,1.2,1.03
2553,233,70,2,0.0,0.0
2554,243,70,0,5.1,3.58
2555,243,70,3,4.3,3.8
2556,243,70,2,0.0,0.0
2557,253,70,2,1.8,1.58
2558,253,70,3,0.0,0.0
2559,261,70,1,5.7,5.07
2560,261,70,4,1.0,1.08
2561,261,70,3,0.0,0.0
2562,262,70,4,2.6,3.11
2563,262,70,3,0.0,0.0
2564,263,70,4,0.2,0.0
2565,263,70,3,0.0,0.08
2566,265,70,1,3.3,3.63
2567,265,70,4,0.0,0.0
2568,267,70,1,4.7,4.59
2569,267,70,3,0.0,0.0
2570,271,70,2,1.3,0.8
2571,271,70,4,0.0,0.0
2572,273,70,4,1.3,1.86
2573,273,70,3,0.0,0.0
2574,275,70,2,0.8,0.45
2575,275,70,4,0.0,0.0
2576,277,70,2,5.9,5.97
2577,277,70,3,0.0,0.0
2578,281,70,4,2.8,3.62
2579,281,70,3,0.0,0.0
2580,282,70,4,4.8,4.62
2581,282,70,3,0.0,0.0
2582,283,70,4,2.2,2.59
2583,283,70,3,0.0,0.0
2584,291,70,2,7.0,6.02
2585,291,70,3,0.0,0.0
2586,293,70,4,4.8,5.14
2587,293,70,3,0.0,0.0
2588,295,70,4,3.1,3.32
2589,295,70,2,0.0,0.0
2590,297,70,2,8.0,6.32
2591,297,70,3,0.0,0.0
2592,301,70,1,3.5,3.0
2593,301,70,3,0.0,0.0
2594,304,70,1,1.3,0.01
2595,304,70,4,0.0,0.0
2596,305,70,1,1.4,1.67
2597,305,70,4,0.0,0.0
2598,311,70,2,4.9,5.27
2599,311,70,3,0.0,0.0
2600,312,70,4,3.3,2.24
2601,312,70,3,0.0,0.0
2602,313,70,4,4.2,4.12
2603,313,70,3,0.0,0.0
2604,121,71,0,4.2,4.24
2605,121,71,1,0.0,0.0
2606,122,71,0,5.3,5.65
2607,122,71,2,2.9,2.87
2608,122,71,1,0.0,0.0
2609,123,71,0,4.5,4.53
2610,123,71,2,0.6,0.0
2611,123,71,1,0.0,0.21
2612,124,71,3,5.3,5.79
2613,124,71,0,3.2,3.55
2614,124,71,1,0.0,0.0
2615,125,71,3,5.4,5.74
2616,125,71,0,3.9,4.32
2617,125,71,1,0.0,0.0
2618,131,71,0,2.8,3.14
2619,131,71,1,0.0,0.0
2620,132,71,0,4.0,4.26
2621,132,71,2,2.8,3.02
2622,132,71,1,0.0,0.0
2623,133,71,0,2.9,3.35
2624,133,71,2,0.1,0.0
2625,133,71,1,0.0,0.21
2626,134,71,3,2.9,2.96
2627,134,71,0,1.0,1.66
2628,134,71,1,0.0,0.0
2629,135,71,3,4.2,4.2
2630,135,71,0,2.7,3.2
2631,135,71,1,0.0,0.0
2632,141,71,0,1.6,1.75
2633,141,71,1,0.0,0.0
2634,142,71,2,3.2,3.07
2635,142,71,0,3.1,3.48
2636,142,71,1,0.0,0.0
2637,143,71,0,1.6,2.33
2638,143,71,1,0.2,0.6
2639,143,71,2,0.0,0.0
2640,144,71,3,2.5,3.12
2641,144,71,0,0.7,1.34
2642,144,71,1,0.0,0.0
2643,145,71,3,2.1,3.05
2644,145,71,0,1.3,2.23
2645,145,71,1,0.0,0.0
2646,151,71,0,1.9,1.93
2647,151,71,2,1.7,1.21
2648,151,71,1,0.0,0.0
2649,152,71,2,3.2,3.0
2650,152,71,1,0.0,0.0
2651,153,71,2,1.6,0.98
2652,153,71,1,0.0,0.0
2653,154,71,2,1.0,0.91
2654,154,71,0,0.0,0.0
2655,155,71,2,0.2,0.0
2656,155,71,0,0.0,0.27
2657,156,71,0,0.4,0.49
2658,156,71,1,0.0,0.0
2659,157,71,0,1.2,1.81
2660,157,71,1,0.0,0.0
2661,161,71,4,1.6,1.74
2662,161,71,2,1.0,1.23
2663,161,71,3,0.0,0.0
2664,162,71,4,1.5,2.04
2665,162,71,3,0.0,0.0
2666,163,71,3,0.6,0.0
2667,163,71,4,0.0,0.24
2668,164,71,4,2.2,2.03
2669,164,71,2,0.0,0.0
2670,165,71,4,1.2,1.65
2671,165,71,2,0.0,0.0
2672,166,71,3,1.5,1.61
2673,166,71,2,0.0,0.0
2674,167,71,2,0.7,1.66
2675,167,71,3,0.0,0.0
2676,171,71,4,4.2,3.54
2677,171,71,1,3.6,4.0
2678,171,71,3,0.0,0.0
2679,172,71,4,5.4,4.85
2680,172,71,3,0.0,0.0
2681,173,71,4,3.1,3.05
2682,173,71,3,0.0,0.0
2683,174,71,4,2.1,2.02
2684,174,71,1,0.0,0.0
2685,175,71,4,2.7,1.22
2686,175,71,1,0.0,0.0
2687,176,71,1,1.7,1.8
2688,176,71,3,0.0,0.0
2689,177,71,1,4.5,4.81
2690,177,71,3,0.0,0.0
2691,181,71,4,4.2,4.16
2692,181,71,2,0.4,0.44
2693,181,71,3,0.0,0.0
2694,182,71,4,3.8,4.2
2695,182,71,3,0.0,0.0
2696,183,71,4,1.9,2.58
2697,183,71,3,0.0,0.0
2698,184,71,4,4.9,4.53
2699,184,71,2,0.0,0.0
2700,185,71,4,5.5,5.28
2701,185,71,2,0.0,0.0
2702,186,71,3,2.1,2.02
2703,186,71,2,0.0,0.0
2704,187,71,2,1.1,1.88
2705,187,71,3,0.0,0.0
2706,191,71,4,1.7,1.58
2707,191,71,1,1.6,1.91
2708,191,71,3,0.0,0.0
2709,192,71,4,2.8,2.93
2710,192,71,3,0.0,0.0
2711,193,71,4,1.2,1.42
2712,193,71,3,0.0,0.0
2713,194,71,4,1.8,1.6
2714,194,71,1,0.0,0.0
2715,195,71,4,1.8,0.91
2716,195,71,1,0.0,0.0
2717,196,71,3,0.2,0.0
2718,196,71,1,0.0,0.24
2719,197,71,1,1.3,2.45
2720,197,71,3,0.0,0.0
2721,201,71,4,2.3,2.92
2722,201,71,2,0.7,1.36
2723,201,71,3,0.0,0.0
2724,202,71,4,1.3,1.12
2725,202,71,3,0.0,0.0
2726,203,71,4,0.4,1.15
2727,203,71,3,0.0,0.0
2728,204,71,4,2.3,2.05
2729,204,71,2,0.0,0.0
2730,205,71,4,2.2,2.31
2731,205,71,2,0.0,0.0
2732,206,71,3,1.8,1.78
2733,206,71,2,0.0,0.0
2734,207,71,2,0.7,2.74
2735,207,71,3,0.0,0.0
2736,211,71,2,0.5,0.07
2737,211,71,1,0.2,0.0
2738,211,71,0,0.0,0.05
2739,212,71,3,1.5,1.23
2740,212,71,1,1.3,0.82
2741,212,71,2,1.0,0.24
2742,212,71,4,0.0,0.0
2743,213,71,1,6.1,4.49
2744,213,71,4,0.6,0.66
2745,213,71,2,0.5,0.08
2746,213,71,3,0.0,0.0
2747,214,71,2,1.7,1.54
2748,214,71,0,1.1,1.29
2749,214,71,4,1.0,1.6
2750,214,71,3,0.0,0.0
2751,215,71,0,1.2,1.71
2752,215,71,2,1.0,1.05
2753,215,71,4,0.1,0.51
2754,215,71,3,0.0,0.0
2755,216,71,1,1.5,1.47
2756,216,71,0,0.0,0.0
2757,217,71,1,1.4,0.79
2758,217,71,0,0.0,0.0
2759,221,71,2,3.1,2.99
2760,221,71,0,2.8,2.77
2761,221,71,1,0.0,0.0
2762,222,71,2,2.1,2.17
2763,222,71,4,1.5,1.68
2764,222,71,3,0.2,0.74
2765,222,71,1,0.0,0.0
2766,223,71,4,3.3,3.6
2767,223,71,1,2.8,2.34
2768,223,71,2,2.7,3.01
2769,223,71,3,0.0,0.0
2770,224,71,2,4.8,4.04
2771,224,71,4,4.0,3.57
2772,224,71,0,3.6,3.16
2773,224,71,3,0.0,0.0
2774,225,71,0,5.0,4.8
2775,225,71,2,4.3,4.25
2776,225,71,4,2.9,3.09
2777,225,71,3,0.0,0.0
2778,226,71,0,1.3,1.57
2779,226,71,1,0.0,0.0
2780,227,71,0,0.9,1.23
2781,227,71,1,0.0,0.0
2782,232,71,2,1.2,1.41
2783,232,71,3,0.1,0.0
2784,232,71,0,0.0,0.4
2785,233,71,0,2.2,2.02
2786,233,71,3,0.7,0.82
2787,233,71,2,0.0,0.0
2788,242,71,2,2.0,2.06
2789,242,71,0,0.0,0.0
2790,243,71,0,4.0,3.71
2791,243,71,3,3.7,3.77
2792,243,71,2,0.0,0.0
2793,253,71,2,1.6,1.59
2794,253,71,3,0.0,0.0
2795,261,71,1,4.9,4.78
2796,261,71,4,0.7,1.19
2797,261,71,3,0.0,0.0
2798,262,71,4,2.4,3.18
2799,262,71,3,0.0,0.0
2800,263,71,4,0.1,0.63
2801,263,71,3,0.0,0.0
2802,264,71,1,2.5,1.94
2803,264,71,4,0.0,0.0
2804,265,71,1,2.8,3.13
2805,265,71,4,0.0,0.0
2806,266,71,1,3.2,2.92
2807,266,71,3,0.0,0.0
2808,267,71,1,3.8,3.89
2809,267,71,3,0.0,0.0
2810,271,71,2,5.7,5.8
2811,271,71,4,4.6,5.34
2812,271,71,3,0.0,0.0
2813,272,71,4,5.7,6.33
2814,272,71,3,0.0,0.0
2815,273,71,4,0.6,1.54
2816,273,71,3,0.0,0.0
2817,274,71,4,0.3,0.91
2818,274,71,2,0.0,0.0
2819,275,71,2,1.1,0.0
2820,275,71,4,0.0,0.22
2821,276,71,2,3.2,2.09
2822,276,71,3,0.0,0.0
2823,277,71,2,4.7,5.09
2824,277,71,3,0.0,0.0
2825,281,71,1,6.5,5.99
2826,281,71,4,2.7,3.72
2827,281,71,3,0.0,0.0
2828,282,71,4,4.1,4.64
2829,282,71,3,0.0,0.0
2830,283,71,4,2.3,2.6
2831,283,71,3,0.0,0.0
2832,285,71,1,1.3,1.52
2833,285,71,4,0.0,0.0
2834,287,71,1,7.9,7.17
2835,287,71,3,0.0,0.0
2836,291,71,4,7.7,7.42
2837,291,71,2,5.7,5.26
2838,291,71,3,0.0,0.0
2839,293,71,4,4.1,4.95
2840,293,71,3,0.0,0.0
2841,295,71,4,3.2,2.92
2842,295,71,2,0.0,0.0
2843,296,71,2,3.2,1.75
2844,296,71,3,0.0,0.0
2845,297,71,2,6.8,5.43
2846,297,71,3,0.0,0.0
2847,301,71,1,2.3,2.96
2848,301,71,3,0.0,0.0
2849,304,71,1,0.7,0.2
2850,304,71,4,0.0,0.0
2851,305,71,1,0.3,1.31
2852,305,71,4,0.0,0.0
2853,311,71,2,4.2,5.05
2854,311,71,3,0.0,0.0
2855,312,71,4,2.0,2.58
2856,312,71,3,0.0,0.0
2857,313,71,4,3.1,3.54
2858,313,71,3,0.0,0.0
2859,121,72,0,6.1,5.89
2860,121,72,1,0.0,0.0
2861,122,72,0,8.8,8.78
2862,122,72,2,6.7,5.62
2863,122,72,1,0.0,0.0
2864,123,72,0,7.9,7.56
2865,123,72,1,2.4,1.9
2866,123,72,2,0.0,0.0
2867,124,72,3,8.8,8.88
2868,124,72,0,4.7,5.09
2869,124,72,1,0.0,0.0
2870,125,72,0,6.9,6.08
2871,125,72,3,6.8,6.94
2872,125,72,1,0.0,0.0
2873,131,72,0,4.3,4.73
2874,131,72,1,0.0,0.0
2875,132,72,0,7.4,6.96
2876,132,72,2,6.2,5.39
2877,132,72,1,0.0,0.0
2878,133,72,0,6.3,5.84
2879,133,72,1,2.5,1.44
2880,133,72,2,0.0,0.0
2881,134,72,3,6.0,5.79
2882,134,72,0,2.0,2.88
2883,134,72,1,0.0,0.0
2884,135,72,0,5.7,5.0
2885,135,72,3,5.6,5.81
2886,135,72,1,0.0,0.0
2887,141,72,0,3.7,3.09
2888,141,72,1,0.0,0.0
2889,142,72,0,6.7,5.93
2890,142,72,2,5.9,5.55
2891,142,72,1,0.0,0.0
2892,143,72,0,4.5,4.2
2893,143,72,1,1.5,1.44
2894,143,72,2,0.0,0.0
2895,144,72,3,6.9,6.4
2896,144,72,0,2.8,2.88
2897,144,72,1,0.0,0.0
2898,145,72,0,4.5,3.3
2899,145,72,3,4.1,3.55
2900,145,72,1,0.0,0.0
2901,151,72,0,5.2,5.08
2902,151,72,2,2.8,2.82
2903,151,72,1,0.0,0.0
2904,152,72,2,7.2,5.26
2905,152,72,1,0.0,0.0
2906,153,72,2,1.6,1.11
2907,153,72,1,0.0,0.0
2908,154,72,2,1.9,1.81
2909,154,72,0,0.0,0.0
2910,155,72,0,3.1,1.51
2911,155,72,2,0.0,0.0
2912,156,72,0,2.1,1.55
2913,156,72,1,0.0,0.0
2914,157,72,0,5.9,5.1
2915,157,72,1,0.0,0.0
2916,161,72,4,4.9,4.62
2917,161,72,2,2.4,3.17
2918,161,72,3,0.0,0.0
2919,162,72,4,5.7,5.03
2920,162,72,3,0.0,0.0
2921,163,72,4,3.0,1.95
2922,163,72,3,0.0,0.0
2923,164,72,4,5.4,4.12
2924,164,72,2,0.0,0.0
2925,165,72,4,2.7,1.04
2926,165,72,2,0.0,0.0
2927,166,72,3,3.4,3.26
2928,166,72,2,0.0,0.0
2929,167,72,2,4.6,3.85
2930,167,72,3,0.0,0.0
2931,171,72,1,6.5,6.03
2932,171,72,4,4.8,4.89
2933,171,72,3,0.0,0.0
2934,172,72,4,7.8,7.46
2935,172,72,3,0.0,0.0
2936,173,72,4,3.8,3.63
2937,173,72,3,0.0,0.0
2938,174,72,4,2.7,2.31
2939,174,72,1,0.0,0.0
2940,175,72,1,2.5,0.0
2941,175,72,4,0.0,0.29
2942,176,72,1,2.3,2.33
2943,176,72,3,0.0,0.0
2944,177,72,1,9.0,8.55
2945,177,72,3,0.0,0.0
2946,181,72,4,7.3,6.78
2947,181,72,2,2.9,2.23
2948,181,72,3,0.0,0.0
2949,182,72,4,7.3,7.56
2950,182,72,3,0.0,0.0
2951,183,72,4,5.6,4.95
2952,183,72,3,0.0,0.0
2953,184,72,4,6.6,6.48
2954,184,72,2,0.0,0.0
2955,185,72,4,5.0,4.6
2956,185,72,2,0.0,0.0
2957,186,72,3,3.5,3.74
2958,186,72,2,0.0,0.0
2959,187,72,2,6.1,4.63
2960,187,72,3,0.0,0.0
2961,191,72,1,4.4,4.23
2962,191,72,4,3.0,3.11
2963,191,72,3,0.0,0.0
2964,192,72,4,5.8,5.28
2965,192,72,3,0.0,0.0
2966,193,72,4,2.1,2.29
2967,193,72,3,0.0,0.0
2968,194,72,4,2.9,2.56
2969,194,72,1,0.0,0.0
2970,195,72,1,1.8,0.57
2971,195,72,4,0.0,0.0
2972,196,72,1,0.6,0.64
2973,196,72,3,0.0,0.0
2974,197,72,1,6.4,5.12
2975,197,72,3,0.0,0.0
2976,201,72,4,5.3,4.98
2977,201,72,2,2.6,2.18
2978,201,72,3,0.0,0.0
2979,202,72,4,2.8,3.21
2980,202,72,3,0.0,0.0
2981,203,72,4,4.7,4.18
2982,203,72,3,0.0,0.0
2983,204,72,4,4.0,3.46
2984,204,72,2,0.0,0.0
2985,205,72,4,3.2,2.4
2986,205,72,2,0.0,0.0
2987,206,72,3,3.5,2.98
2988,206,72,2,0.0,0.0
2989,207,72,2,5.1,5.41
2990,207,72,3,0.0,0.0
2991,211,72,2,1.3,0.41
2992,211,72,0,0.1,0.69
2993,211,72,1,0.0,0.0
2994,212,72,3,2.6,2.4
2995,212,72,1,1.7,1.86
2996,212,72,2,1.4,0.88
2997,212,72,4,0.0,0.0
2998,213,72,1,6.7,6.4
2999,213,72,4,2.5,2.27
3000,213,72,2,2.3,1.84
3001,213,72,3,0.0,0.0
3002,214,72,2,3.9,3.38
3003,214,72,4,3.2,3.23
3004,214,72,0,2.8,2.75
3005,214,72,3,0.0,0.0
3006,215,72,2,1.8,1.51
3007,215,72,0,1.8,2.39
3008,215,72,3,0.4,0.24
3009,215,72,4,0.0,0.0
3010,216,72,1,2.4,2.42
3011,216,72,0,0.0,0.0
3012,217,72,0,0.6,0.0
3013,217,72,1,0.0,0.06
3014,221,72,2,5.8,5.28
3015,221,72,0,4.9,4.88
3016,221,72,1,0.0,0.0
3017,222,72,2,5.5,4.08
3018,222,72,4,3.4,3.06
3019,222,72,3,2.2,0.63
3020,222,72,1,0.0,0.0
3021,223,72,2,7.7,6.15
3022,223,72,4,7.6,6.95
3023,223,72,1,4.0,3.81
3024,223,72,3,0.0,0.0
3025,224,72,2,7.6,6.16
3026,224,72,4,6.7,5.93
3027,224,72,0,5.8,5.01
3028,224,72,3,0.0,0.0
3029,225,72,0,6.4,6.64
3030,225,72,2,5.7,5.89
3031,225,72,4,3.9,4.52
3032,225,72,3,0.0,0.0
3033,226,72,0,2.3,2.37
3034,226,72,1,0.0,0.0
3035,227,72,0,4.8,3.52
3036,227,72,1,0.0,0.0
3037,232,72,2,2.8,2.66
3038,232,72,0,1.2,1.35
3039,232,72,3,0.0,0.0
3040,233,72,0,3.6,3.86
3041,233,72,3,2.2,2.06
3042,233,72,2,0.0,0.0
3043,242,72,3,5.8,5.1
3044,242,72,2,5.0,3.98
3045,242,72,0,0.0,0.0
3046,243,72,3,7.4,6.31
3047,243,72,0,6.3,6.12
3048,243,72,2,0.0,0.0
3049,252,72,2,6.0,5.22
3050,252,72,0,3.7,3.48
3051,252,72,3,0.0,0.0
3052,253,72,2,1.4,1.98
3053,253,72,3,0.0,0.0
3054,261,72,4,1.8,2.21
3055,261,72,3,0.0,0.0
3056,262,72,4,7.3,5.43
3057,262,72,3,0.0,0.0
3058,263,72,4,0.1,0.72
3059,263,72,3,0.0,0.0
3060,267,72,1,9.7,8.55
3061,267,72,3,0.0,0.0
3062,271,72,2,9.8,9.02
3063,271,72,4,9.6,8.83
3064,271,72,3,0.0,0.0
3065,272,72,4,13.2,9.69
3066,272,72,3,0.0,0.0
3067,273,72,4,5.9,4.96
3068,273,72,3,0.0,0.0
3069,274,72,4,1.4,1.19
3070,274,72,2,0.0,0.0
3071,275,72,4,0.6,0.0
3072,275,72,2,0.0,1.02
3073,276,72,2,2.5,3.36
3074,276,72,3,0.0,0.0
3075,277,72,2,11.7,10.52
3076,277,72,3,0.0,0.0
3077,281,72,4,3.3,4.25
3078,281,72,3,0.0,0.0
3079,282,72,4,6.0,6.25
3080,282,72,3,0.0,0.0
3081,283,72,4,1.9,3.23
3082,283,72,3,0.0,0.0
3083,291,72,2,10.8,10.11
3084,291,72,3,0.0,0.0
3085,292,72,4,8.6,10.68
3086,292,72,3,0.0,0.0
3087,293,72,4,8.6,8.44
3088,293,72,3,0.0,0.0
3089,296,72,2,3.6,3.67
3090,296,72,3,0.0,0.0
3091,297,72,2,13.0,11.83
3092,297,72,3,0.0,0.0
3093,301,72,1,5.8,4.9
3094,301,72,3,0.0,0.0
3095,304,72,1,1.9,2.08
3096,304,72,4,0.0,0.0
3097,305,72,1,6.4,3.92
3098,305,72,4,0.0,0.0
3099,311,72,2,8.3,8.22
3100,311,72,3,0.0,0.0
3101,312,72,4,3.6,3.75
3102,312,72,3,0.0,0.0
3103,313,72,4,8.8,6.88
3104,313,72,3,0.0,0.0
3105,121,73,0,5.9,5.59
3106,121,73,1,0.0,0.0
3107,122,73,0,8.0,7.54
3108,122,73,2,5.0,4.1
3109,122,73,1,0.0,0.0
3110,123,73,0,7.2,6.58
3111,123,73,1,1.2,0.91
3112,123,73,2,0.0,0.0
3113,124,73,3,8.2,7.46
3114,124,73,0,5.2,4.54
3115,124,73,1,0.0,0.0
3116,125,73,3,7.0,7.06
3117,125,73,0,6.1,5.98
3118,125,73,1,0.0,0.0
3119,131,73,0,3.9,4.06
3120,131,73,1,0.0,0.0
3121,132,73,0,5.7,5.24
3122,132,73,2,4.5,3.79
3123,132,73,1,0.0,0.0
3124,133,73,0,4.7,4.4
3125,133,73,1,1.2,0.78
3126,133,73,2,0.0,0.0
3127,134,73,3,5.1,4.21
3128,134,73,0,2.0,2.05
3129,134,73,1,0.0,0.0
3130,135,73,3,5.0,5.1
3131,135,73,0,4.1,4.07
3132,135,73,1,0.0,0.0
3133,141,73,0,2.3,2.42
3134,141,73,1,0.0,0.0
3135,142,73,0,4.4,4.21
3136,142,73,2,4.3,3.71
3137,142,73,1,0.0,0.0
3138,143,73,0,3.7,2.97
3139,143,73,1,1.1,0.81
3140,143,73,2,0.0,0.0
3141,144,73,3,5.2,4.67
3142,144,73,0,2.3,1.97
3143,144,73,1,0.0,0.0
3144,145,73,3,2.4,3.07
3145,145,73,0,2.2,2.5
3146,145,73,1,0.0,0.0
3147,151,73,0,3.8,3.19
3148,151,73,2,2.0,1.59
3149,151,73,1,0.0,0.0
3150,152,73,2,5.0,4.12
3151,152,73,1,0.0,0.0
3152,153,73,2,0.9,0.86
3153,153,73,1,0.0,0.0
3154,154,73,2,1.2,1.1
3155,154,73,0,0.0,0.0
3156,155,73,0,1.2,1.17
3157,155,73,2,0.0,0.0
3158,156,73,0,1.4,1.04
3159,156,73,1,0.0,0.0
3160,157,73,0,4.1,3.16
3161,157,73,1,0.0,0.0
3162,161,73,4,3.5,2.86
3163,161,73,2,2.5,2.1
3164,161,73,3,0.0,0.0
3165,162,73,4,3.4,3.09
3166,162,73,3,0.0,0.0
3167,163,73,4,1.2,0.66
3168,163,73,3,0.0,0.0
3169,164,73,4,3.3,2.71
3170,164,73,2,0.0,0.0
3171,165,73,4,0.9,1.26
3172,165,73,2,0.0,0.0
3173,166,73,3,1.5,2.15
3174,166,73,2,0.0,0.0
3175,167,73,2,2.9,2.5
3176,167,73,3,0.0,0.0
3177,171,73,1,6.1,5.17
3178,171,73,4,4.6,4.43
3179,171,73,3,0.0,0.0
3180,172,73,4,7.0,6.13
3181,172,73,3,0.0,0.0
3182,173,73,4,4.3,3.53
3183,173,73,3,0.0,0.0
3184,174,73,4,1.9,2.0
3185,174,73,1,0.0,0.0
3186,175,73,4,0.3,0.67
3187,175,73,1,0.0,0.0
3188,176,73,1,2.7,2.1
3189,176,73,3,0.0,0.0
3190,177,73,1,7.3,6.9
3191,177,73,3,0.0,0.0
3192,181,73,4,6.1,5.95
3193,181,73,2,2.0,1.44
3194,181,73,3,0.0,0.0
3195,182,73,4,6.4,6.1
3196,182,73,3,0.0,0.0
3197,183,73,4,4.5,4.04
3198,183,73,3,0.0,0.0
3199,184,73,4,5.3,5.32
3200,184,73,2,0.0,0.0
3201,185,73,4,5.0,5.88
3202,185,73,2,0.0,0.0
3203,186,73,3,2.7,2.32
3204,186,73,2,0.0,0.0
3205,187,73,2,4.0,2.87
3206,187,73,3,0.0,0.0
3207,191,73,1,3.7,3.03
3208,191,73,4,2.6,2.0
3209,191,73,3,0.0,0.0
3210,192,73,4,4.0,3.81
3211,192,73,3,0.0,0.0
3212,193,73,4,2.0,1.41
3213,193,73,3,0.0,0.0
3214,194,73,4,1.9,1.89
3215,194,73,1,0.0,0.0
3216,195,73,4,0.2,0.1
3217,195,73,1,0.0,0.0
3218,196,73,1,0.9,0.27
3219,196,73,3,0.0,0.0
3220,197,73,1,4.3,3.81
3221,197,73,3,0.0,0.0
3222,201,73,4,4.3,3.92
3223,201,73,2,2.7,1.85
3224,201,73,3,0.0,0.0
3225,202,73,4,2.2,2.07
3226,202,73,3,0.0,0.0
3227,203,73,4,3.0,2.35
3228,203,73,3,0.0,0.0
3229,204,73,4,2.6,2.65
3230,204,73,2,0.0,0.0
3231,205,73,4,2.4,2.26
3232,205,73,2,0.0,0.0
3233,206,73,3,2.3,2.04
3234,206,73,2,0.0,0.0
3235,207,73,2,4.1,3.16
3236,207,73,3,0.0,0.0
3237,211,73,0,0.7,0.58
3238,211,73,2,0.2,0.18
3239,211,73,1,0.0,0.0
3240,212,73,3,1.3,1.41
3241,212,73,1,0.9,1.2
3242,212,73,4,0.1,0.0
3243,212,73,2,0.0,0.19
3244,213,73,1,1.4,4.82
3245,213,73,4,1.1,1.47
3246,213,73,2,0.3,0.7
3247,213,73,3,0.0,0.0
3248,214,73,4,2.0,2.23
3249,214,73,0,1.8,2.08
3250,214,73,2,1.7,2.22
3251,214,73,3,0.0,0.0
3252,215,73,0,2.2,2.15
3253,215,73,2,1.1,1.36
3254,215,73,4,0.8,0.36
3255,215,73,3,0.0,0.0
3256,216,73,1,1.8,1.37
3257,216,73,0,0.0,0.0
3258,217,73,1,0.1,0.76
3259,217,73,0,0.0,0.0
3260,221,73,2,3.8,3.78
3261,221,73,0,3.6,3.77
3262,221,73,1,0.0,0.0
3263,222,73,2,2.0,2.78
3264,222,73,4,1.7,2.29
3265,222,73,3,0.2,0.58
3266,222,73,1,0.0,0.0
3267,223,73,4,5.3,4.96
3268,223,73,2,4.2,4.39
3269,223,73,1,1.9,3.07
3270,223,73,3,0.0,0.0
3271,224,73,4,4.7,4.65
3272,224,73,2,4.6,5.09
3273,224,73,0,4.5,4.4
3274,224,73,3,0.0,0.0
3275,225,73,0,6.1,5.87
3276,225,73,2,5.0,4.94
3277,225,73,4,4.1,3.54
3278,225,73,3,0.0,0.0
3279,226,73,0,2.1,1.86
3280,226,73,1,0.0,0.0
3281,227,73,0,2.2,2.14
3282,227,73,1,0.0,0.0
3283,232,73,2,1.7,1.63
3284,232,73,0,0.7,0.91
3285,232,73,3,0.0,0.0
3286,233,73,0,2.8,2.69
3287,233,73,3,1.7,1.1
3288,233,73,2,0.0,0.0
3289,242,73,3,3.9,3.19
3290,242,73,2,2.9,2.19
3291,242,73,0,0.0,0.0
3292,243,73,3,5.2,4.45
3293,243,73,0,4.2,4.49
3294,243,73,2,0.0,0.0
3295,252,73,2,4.0,3.96
3296,252,73,0,2.5,2.6
3297,252,73,3,0.0,0.0
3298,253,73,0,4.3,4.57
3299,253,73,2,1.7,1.5
3300,253,73,3,0.0,0.0
3301,261,73,1,5.9,6.39
3302,261,73,4,0.7,1.45
3303,261,73,3,0.0,0.0
3304,262,73,4,4.0,3.97
3305,262,73,3,0.0,0.0
3306,263,73,3,0.8,0.0
3307,263,73,4,0.0,0.04
3308,264,73,1,2.9,2.62
3309,264,73,4,0.0,0.0
3310,265,73,1,4.9,4.48
3311,265,73,4,0.0,0.0
3312,266,73,1,3.4,3.97
3313,266,73,3,0.0,0.0
3314,267,73,1,5.9,5.93
3315,267,73,3,0.0,0.0
3316,271,73,2,8.1,7.57
3317,271,73,4,7.0,6.47
3318,271,73,3,0.0,0.0
3319,272,73,4,8.0,7.0
3320,272,73,3,0.0,0.0
3321,273,73,4,3.5,2.89
3322,273,73,3,0.0,0.0
3323,274,73,4,0.7,0.5
3324,274,73,2,0.0,0.0
3325,275,73,2,0.7,0.56
3326,275,73,4,0.0,0.0
3327,276,73,2,2.8,2.63
3328,276,73,3,0.0,0.0
3329,277,73,2,8.1,7.98
3330,277,73,3,0.0,0.0
3331,281,73,1,8.0,7.63
3332,281,73,4,3.0,3.85
3333,281,73,3,0.0,0.0
3334,282,73,4,4.9,5.26
3335,282,73,3,0.0,0.0
3336,283,73,4,2.6,3.0
3337,283,73,3,0.0,0.0
3338,284,73,1,1.5,1.56
3339,284,73,4,0.0,0.0
3340,285,73,1,2.8,2.64
3341,285,73,4,0.0,0.0
3342,286,73,1,4.2,4.27
3343,286,73,3,0.0,0.0
3344,287,73,1,9.2,9.92
3345,287,73,3,0.0,0.0
3346,291,73,4,11.0,9.86
3347,291,73,2,8.1,7.99
3348,291,73,3,0.0,0.0
3349,292,73,4,9.9,9.71
3350,292,73,3,0.0,0.0
3351,293,73,4,7.1,6.68
3352,293,73,3,0.0,0.0
3353,294,73,4,2.9,3.1
3354,294,73,2,0.0,0.0
3355,295,73,4,3.0,3.08
3356,295,73,2,0.0,0.0
3357,296,73,2,2.5,3.29
3358,296,73,3,0.0,0.0
3359,297,73,2,8.9,8.65
3360,297,73,3,0.0,0.0
3361,301,73,1,4.1,4.05
3362,301,73,3,0.0,0.0
3363,304,73,4,0.6,0.0
3364,304,73,1,0.0,0.8
3365,305,73,1,2.6,2.65
3366,305,73,4,0.0,0.0
3367,311,73,2,6.7,6.13
3368,311,73,3,0.0,0.0
3369,312,73,4,3.1,3.07
3370,312,73,3,0.0,0.0
3371,313,73,4,6.8,5.12
3372,313,73,3,0.0,0.0
