ArR_sel_idx,Ar,Radical,locA,locB,DDG_TS,DG_TS_@A,DG_TS_@B,scale_AvsB,Type,Descending
6250123,501,62,2,3,3.7,14.3,18.0,0.0019404239884030093,2.0,0
6250124,501,62,2,4,-2.1,14.3,12.2,-0.028886710573818853,-2.0,0
6250134,501,62,3,4,-5.8,18.0,12.2,-5.605246614349301e-05,-2.0,0
6250213,502,62,1,3,3.8,9.4,13.2,0.001639066386460625,2.0,0
6250214,502,62,1,4,4.2,9.4,13.6,0.000834442047775578,2.0,0
6250234,502,62,3,4,0.4,13.2,13.6,0.5090959430737023,0.0,0
6350213,502,63,1,3,1.8,6.3,8.1,0.04792899945468263,1.0,0
6350214,502,63,1,4,1.1,6.3,7.4,0.15620646330405352,1.0,0
6350234,502,63,3,4,-0.7,8.1,7.4,-0.3068310903460477,0.0,0
6650213,502,66,1,3,4.4,11.9,16.3,0.0005953824080953225,2.0,0
6650214,502,66,1,4,4.3,11.9,16.2,0.0007048490021420303,2.0,0
6650234,502,66,3,4,-0.1,16.3,16.2,-0.8446949719528019,0.0,0
6850213,502,68,1,3,4.5,15.4,19.9,0.0005029165265072705,2.0,0
6850214,502,68,1,4,5.5,15.4,20.9,9.3002580282021e-05,2.0,0
6850234,502,68,3,4,1.0,19.9,20.9,0.18492647463371156,1.0,0
6451123,511,64,2,3,-0.1,14.1,14.0,-0.8446949719528019,0.0,0
6451124,511,64,2,4,-1.0,14.1,13.1,-0.18492647463371156,-1.0,0
6451125,511,64,2,5,0.2,14.1,14.3,0.7135095956423447,0.0,0
6451134,511,64,3,4,-0.9,14.0,13.1,-0.21892692720330825,0.0,0
6451135,511,64,3,5,0.3,14.0,14.3,0.6026979678791655,0.0,0
6451145,511,64,4,5,1.2,13.1,14.3,0.13194681413946388,1.0,0
6451223,512,64,2,3,-3.0,13.0,10.0,-0.006324078782937478,-2.0,0
6451224,512,64,2,4,-0.9,13.0,12.1,-0.21892692720330825,0.0,0
6451225,512,64,2,5,-2.4,13.0,10.6,-0.017409961761554228,-2.0,0
6451234,512,64,3,4,2.1,10.0,12.1,0.028886710573818853,2.0,0
6451235,512,64,3,5,0.6,10.0,10.6,0.36324484048567557,0.0,0
6451245,512,64,4,5,-1.5,12.1,10.6,-0.07952407674998482,-1.0,0
6851313,513,68,1,3,-1.9,15.4,13.5,-0.04048538485009899,-1.0,0
6851315,513,68,1,5,-0.9,15.4,14.5,-0.21892692720330825,0.0,0
6851335,513,68,3,5,1.0,13.5,14.5,0.18492647463371156,1.0,0
6851413,514,68,1,3,-2.0,8.6,6.6,-0.034197801020452764,-2.0,0
6851415,514,68,1,5,-1.0,8.6,7.6,-0.18492647463371156,-1.0,0
6851435,514,68,3,5,1.0,6.6,7.6,0.18492647463371156,1.0,0
6251513,515,62,1,3,-0.2,12.4,12.2,-0.7135095956423447,0.0,0
6251514,515,62,1,4,2.4,12.4,14.8,0.017409961761554228,2.0,0
6251515,515,62,1,5,0.0,12.4,12.4,1.0,0.0,0
6251534,515,62,3,4,2.6,12.2,14.8,0.012422174776635235,2.0,0
6251535,515,62,3,5,0.2,12.2,12.4,0.7135095956423447,0.0,0
6251545,515,62,4,5,-2.4,14.8,12.4,-0.017409961761554228,-2.0,0
6251613,516,62,1,3,-0.8,10.6,9.8,-0.2591786792541024,0.0,0
6251614,516,62,1,4,4.2,10.6,14.8,0.000834442047775578,2.0,0
6251615,516,62,1,5,0.2,10.6,10.8,0.7135095956423447,0.0,0
6251634,516,62,3,4,5.0,9.8,14.8,0.00021626958785656288,2.0,0
6251635,516,62,3,5,1.0,9.8,10.8,0.18492647463371156,1.0,0
6251645,516,62,4,5,-4.0,14.8,10.8,-0.0011694895946344802,-2.0,0
6451713,517,64,1,3,1.1,12.6,13.7,0.15620646330405352,1.0,0
6451714,517,64,1,4,2.2,12.6,14.8,0.024400459177960618,2.0,0
6451715,517,64,1,5,0.0,12.6,12.6,1.0,0.0,0
6451734,517,64,3,4,1.1,13.7,14.8,0.15620646330405352,1.0,0
6451735,517,64,3,5,-1.1,13.7,12.6,-0.15620646330405352,-1.0,0
6451745,517,64,4,5,-2.2,14.8,12.6,-0.024400459177960618,-2.0,0
6451813,518,64,1,3,0.0,10.0,10.0,1.0,0.0,0
6451814,518,64,1,4,4.2,10.0,14.2,0.000834442047775578,2.0,0
6451815,518,64,1,5,-0.2,10.0,9.8,-0.7135095956423447,0.0,0
6451834,518,64,3,4,4.2,10.0,14.2,0.000834442047775578,2.0,0
6451835,518,64,3,5,-0.2,10.0,9.8,-0.7135095956423447,0.0,0
6451845,518,64,4,5,-4.4,14.2,9.8,-0.0005953824080953225,-2.0,0
6451912,519,64,1,2,-1.7,13.7,12.0,-0.05674119184571246,-1.0,0
6452012,520,64,1,2,1.4,10.0,11.4,0.0941453180029445,1.0,0
6252112,521,62,1,2,-1.7,13.5,11.8,-0.05674119184571246,-1.0,0
6252212,522,62,1,2,1.1,11.2,12.3,0.15620646330405352,1.0,0
6252312,523,62,1,2,-1.2,13.4,12.2,-0.13194681413946388,-1.0,0
6252412,524,62,1,2,1.7,11.0,12.7,0.05674119184571246,1.0,0
6453134,531,64,3,4,-1.2,13.2,12.0,-0.13194681413946388,-1.0,0
6453234,532,64,3,4,2.6,8.8,11.4,0.012422174776635235,2.0,0
6254134,541,62,3,4,2.0,11.0,13.0,0.034197801020452764,2.0,0
6354134,541,63,3,4,2.5,9.7,12.2,0.014706107161875398,2.0,0
6854134,541,68,3,4,0.2,13.4,13.6,0.7135095956423447,0.0,0
6355312,553,63,1,2,-1.7,9.7,8.0,-0.05674119184571246,-1.0,0
6355316,553,63,1,6,-0.6,9.7,9.1,-0.36324484048567557,0.0,0
6355317,553,63,1,7,-1.0,9.7,8.7,-0.18492647463371156,-1.0,0
6355326,553,63,2,6,1.1,8.0,9.1,0.15620646330405352,1.0,0
6355327,553,63,2,7,0.7,8.0,8.7,0.3068310903460477,0.0,0
6355367,553,63,6,7,-0.4,9.1,8.7,-0.5090959430737023,0.0,0
6855312,553,68,1,2,0.0,16.3,16.3,1.0,0.0,0
6855316,553,68,1,6,0.8,16.3,17.1,0.2591786792541024,0.0,0
6855317,553,68,1,7,0.0,16.3,16.3,1.0,0.0,0
6855326,553,68,2,6,0.8,16.3,17.1,0.2591786792541024,0.0,0
6855327,553,68,2,7,0.0,16.3,16.3,1.0,0.0,0
6855367,553,68,6,7,-0.8,17.1,16.3,-0.2591786792541024,0.0,0
6355412,554,63,1,2,2.4,10.8,13.2,0.017409961761554228,2.0,0
6355416,554,63,1,6,-0.8,10.8,10.0,-0.2591786792541024,0.0,0
6355417,554,63,1,7,0.5,10.8,11.3,0.4300307833559262,0.0,0
6355426,554,63,2,6,-3.2,13.2,10.0,-0.00451229089522405,-2.0,0
6355427,554,63,2,7,-1.9,13.2,11.3,-0.04048538485009899,-1.0,0
6355467,554,63,6,7,1.3,10.0,11.3,0.11145481046879599,1.0,0
6855412,554,68,1,2,6.9,9.4,16.3,8.755757495745244e-06,2.0,0
6855416,554,68,1,6,3.4,9.4,12.8,0.003219562852071947,2.0,0
6855417,554,68,1,7,5.1,9.4,14.5,0.00018268183344874317,2.0,0
6855426,554,68,2,6,-3.5,16.3,12.8,-0.002719548553031195,-2.0,0
6855427,554,68,2,7,-1.8,16.3,14.5,-0.04792899945468263,-1.0,0
6855467,554,68,6,7,1.7,12.8,14.5,0.05674119184571246,1.0,0
6256114,561,62,1,4,1.4,12.1,13.5,0.0941453180029445,1.0,0
6856114,561,68,1,4,3.3,13.7,17.0,0.0038115094311841607,2.0,0
6256214,562,62,1,4,1.3,10.8,12.1,0.11145481046879599,1.0,0
6856214,562,68,1,4,3.0,7.5,10.5,0.006324078782937478,2.0,0
16250132,501,62,3,2,-3.7,18.0,14.3,-0.0019404239884030093,-2.0,1
16250142,501,62,4,2,2.1,12.2,14.3,0.028886710573818853,2.0,1
16250143,501,62,4,3,5.8,12.2,18.0,5.605246614349301e-05,2.0,1
16250231,502,62,3,1,-3.8,13.2,9.4,-0.001639066386460625,-2.0,1
16250241,502,62,4,1,-4.2,13.6,9.4,-0.000834442047775578,-2.0,1
16250243,502,62,4,3,-0.4,13.6,13.2,-0.5090959430737023,0.0,1
16350231,502,63,3,1,-1.8,8.1,6.3,-0.04792899945468263,-1.0,1
16350241,502,63,4,1,-1.1,7.4,6.3,-0.15620646330405352,-1.0,1
16350243,502,63,4,3,0.7,7.4,8.1,0.3068310903460477,0.0,1
16650231,502,66,3,1,-4.4,16.3,11.9,-0.0005953824080953225,-2.0,1
16650241,502,66,4,1,-4.3,16.2,11.9,-0.0007048490021420303,-2.0,1
16650243,502,66,4,3,0.1,16.2,16.3,0.8446949719528019,0.0,1
16850231,502,68,3,1,-4.5,19.9,15.4,-0.0005029165265072705,-2.0,1
16850241,502,68,4,1,-5.5,20.9,15.4,-9.3002580282021e-05,-2.0,1
16850243,502,68,4,3,-1.0,20.9,19.9,-0.18492647463371156,-1.0,1
16451132,511,64,3,2,0.1,14.0,14.1,0.8446949719528019,0.0,1
16451142,511,64,4,2,1.0,13.1,14.1,0.18492647463371156,1.0,1
16451143,511,64,4,3,0.9,13.1,14.0,0.21892692720330825,0.0,1
16451152,511,64,5,2,-0.2,14.3,14.1,-0.7135095956423447,0.0,1
16451153,511,64,5,3,-0.3,14.3,14.0,-0.6026979678791655,0.0,1
16451154,511,64,5,4,-1.2,14.3,13.1,-0.13194681413946388,-1.0,1
16451232,512,64,3,2,3.0,10.0,13.0,0.006324078782937478,2.0,1
16451242,512,64,4,2,0.9,12.1,13.0,0.21892692720330825,0.0,1
16451243,512,64,4,3,-2.1,12.1,10.0,-0.028886710573818853,-2.0,1
16451252,512,64,5,2,2.4,10.6,13.0,0.017409961761554228,2.0,1
16451253,512,64,5,3,-0.6,10.6,10.0,-0.36324484048567557,0.0,1
16451254,512,64,5,4,1.5,10.6,12.1,0.07952407674998482,1.0,1
16851331,513,68,3,1,1.9,13.5,15.4,0.04048538485009899,1.0,1
16851351,513,68,5,1,0.9,14.5,15.4,0.21892692720330825,0.0,1
16851353,513,68,5,3,-1.0,14.5,13.5,-0.18492647463371156,-1.0,1
16851431,514,68,3,1,2.0,6.6,8.6,0.034197801020452764,2.0,1
16851451,514,68,5,1,1.0,7.6,8.6,0.18492647463371156,1.0,1
16851453,514,68,5,3,-1.0,7.6,6.6,-0.18492647463371156,-1.0,1
16251531,515,62,3,1,0.2,12.2,12.4,0.7135095956423447,0.0,1
16251541,515,62,4,1,-2.4,14.8,12.4,-0.017409961761554228,-2.0,1
16251543,515,62,4,3,-2.6,14.8,12.2,-0.012422174776635235,-2.0,1
16251551,515,62,5,1,0.0,12.4,12.4,1.0,0.0,1
16251553,515,62,5,3,-0.2,12.4,12.2,-0.7135095956423447,0.0,1
16251554,515,62,5,4,2.4,12.4,14.8,0.017409961761554228,2.0,1
16251631,516,62,3,1,0.8,9.8,10.6,0.2591786792541024,0.0,1
16251641,516,62,4,1,-4.2,14.8,10.6,-0.000834442047775578,-2.0,1
16251643,516,62,4,3,-5.0,14.8,9.8,-0.00021626958785656288,-2.0,1
16251651,516,62,5,1,-0.2,10.8,10.6,-0.7135095956423447,0.0,1
16251653,516,62,5,3,-1.0,10.8,9.8,-0.18492647463371156,-1.0,1
16251654,516,62,5,4,4.0,10.8,14.8,0.0011694895946344802,2.0,1
16451731,517,64,3,1,-1.1,13.7,12.6,-0.15620646330405352,-1.0,1
16451741,517,64,4,1,-2.2,14.8,12.6,-0.024400459177960618,-2.0,1
16451743,517,64,4,3,-1.1,14.8,13.7,-0.15620646330405352,-1.0,1
16451751,517,64,5,1,0.0,12.6,12.6,1.0,0.0,1
16451753,517,64,5,3,1.1,12.6,13.7,0.15620646330405352,1.0,1
16451754,517,64,5,4,2.2,12.6,14.8,0.024400459177960618,2.0,1
16451831,518,64,3,1,0.0,10.0,10.0,1.0,0.0,1
16451841,518,64,4,1,-4.2,14.2,10.0,-0.000834442047775578,-2.0,1
16451843,518,64,4,3,-4.2,14.2,10.0,-0.000834442047775578,-2.0,1
16451851,518,64,5,1,0.2,9.8,10.0,0.7135095956423447,0.0,1
16451853,518,64,5,3,0.2,9.8,10.0,0.7135095956423447,0.0,1
16451854,518,64,5,4,4.4,9.8,14.2,0.0005953824080953225,2.0,1
16451921,519,64,2,1,1.7,12.0,13.7,0.05674119184571246,1.0,1
16452021,520,64,2,1,-1.4,11.4,10.0,-0.0941453180029445,-1.0,1
16252121,521,62,2,1,1.7,11.8,13.5,0.05674119184571246,1.0,1
16252221,522,62,2,1,-1.1,12.3,11.2,-0.15620646330405352,-1.0,1
16252321,523,62,2,1,1.2,12.2,13.4,0.13194681413946388,1.0,1
16252421,524,62,2,1,-1.7,12.7,11.0,-0.05674119184571246,-1.0,1
16453143,531,64,4,3,1.2,12.0,13.2,0.13194681413946388,1.0,1
16453243,532,64,4,3,-2.6,11.4,8.8,-0.012422174776635235,-2.0,1
16254143,541,62,4,3,-2.0,13.0,11.0,-0.034197801020452764,-2.0,1
16354143,541,63,4,3,-2.5,12.2,9.7,-0.014706107161875398,-2.0,1
16854143,541,68,4,3,-0.2,13.6,13.4,-0.7135095956423447,0.0,1
16355321,553,63,2,1,1.7,8.0,9.7,0.05674119184571246,1.0,1
16355361,553,63,6,1,0.6,9.1,9.7,0.36324484048567557,0.0,1
16355362,553,63,6,2,-1.1,9.1,8.0,-0.15620646330405352,-1.0,1
16355371,553,63,7,1,1.0,8.7,9.7,0.18492647463371156,1.0,1
16355372,553,63,7,2,-0.7,8.7,8.0,-0.3068310903460477,0.0,1
16355376,553,63,7,6,0.4,8.7,9.1,0.5090959430737023,0.0,1
16855321,553,68,2,1,0.0,16.3,16.3,1.0,0.0,1
16855361,553,68,6,1,-0.8,17.1,16.3,-0.2591786792541024,0.0,1
16855362,553,68,6,2,-0.8,17.1,16.3,-0.2591786792541024,0.0,1
16855371,553,68,7,1,0.0,16.3,16.3,1.0,0.0,1
16855372,553,68,7,2,0.0,16.3,16.3,1.0,0.0,1
16855376,553,68,7,6,0.8,16.3,17.1,0.2591786792541024,0.0,1
16355421,554,63,2,1,-2.4,13.2,10.8,-0.017409961761554228,-2.0,1
16355461,554,63,6,1,0.8,10.0,10.8,0.2591786792541024,0.0,1
16355462,554,63,6,2,3.2,10.0,13.2,0.00451229089522405,2.0,1
16355471,554,63,7,1,-0.5,11.3,10.8,-0.4300307833559262,0.0,1
16355472,554,63,7,2,1.9,11.3,13.2,0.04048538485009899,1.0,1
16355476,554,63,7,6,-1.3,11.3,10.0,-0.11145481046879599,-1.0,1
16855421,554,68,2,1,-6.9,16.3,9.4,-8.755757495745244e-06,-2.0,1
16855461,554,68,6,1,-3.4,12.8,9.4,-0.003219562852071947,-2.0,1
16855462,554,68,6,2,3.5,12.8,16.3,0.002719548553031195,2.0,1
16855471,554,68,7,1,-5.1,14.5,9.4,-0.00018268183344874317,-2.0,1
16855472,554,68,7,2,1.8,14.5,16.3,0.04792899945468263,1.0,1
16855476,554,68,7,6,-1.7,14.5,12.8,-0.05674119184571246,-1.0,1
16256141,561,62,4,1,-1.4,13.5,12.1,-0.0941453180029445,-1.0,1
16856141,561,68,4,1,-3.3,17.0,13.7,-0.0038115094311841607,-2.0,1
16256241,562,62,4,1,-1.3,12.1,10.8,-0.11145481046879599,-1.0,1
16856241,562,68,4,1,-3.0,10.5,7.5,-0.006324078782937478,-2.0,1
